drop TABLE banks;
drop table customers;

CREATE TABLE banks
(
    id           UUID PRIMARY KEY not null,
    name_of_bank varchar(255) DEFAULT NULL
);

create table creditoffers
(
    id            UUID PRIMARY KEY not null,
    credit_amount double           not null,
    bank_id       UUID default null,
    credit_id     UUID default null,
    customer_id   UUID default null
);

CREATE TABLE customers
(
    id              UUID PRIMARY KEY not null,
    email           varchar(255) DEFAULT NULL,
    name            varchar(255) DEFAULT NULL,
    passport_number varchar(255) DEFAULT NULL,
    patronymic      varchar(255) DEFAULT NULL,
    phone_number    varchar(255) DEFAULT NULL,
    surname         varchar(255) DEFAULT NULL
);

create table credits
(
    id            UUID PRIMARY KEY not null,
    credit_limit  int              not null,
    interest_rate float            not null
);

create table credit_banks
(
    credit_id UUID PRIMARY KEY not null,
    bank_id   UUID not null
);

create table credit_payments
(
    id                            UUID PRIMARY KEY not null,
    date_of_payment               date default null,
    payment_of_loan_body_in_month float            not null,
    payment_of_month              float            not null,
    payment_of_percent_in_month   float            not null,
    co_cp_id                      UUID default null
);

create table customer_banks
(
    customer_id UUID PRIMARY KEY not null,
    bank_id     UUID not null
);

alter table creditoffers
    add constraint co_id__customer_id foreign key (customer_id) references customers (id);
alter table creditoffers
    add constraint co_id__bank_id foreign key (bank_id) references banks (id);
alter table creditoffers
    add constraint co_id__credit_id foreign key (credit_id) references credits (id);


alter table credit_banks
    add constraint cb_id__bank_id foreign key (bank_id) references banks (id);
alter table credit_banks
    add constraint cb_id__credit_id foreign key (credit_id) references credits (id);


alter table credit_payments
    add constraint cp_id__co_cp_id foreign key (co_cp_id) references creditoffers (id);
alter table customer_banks
    add constraint cb_id__customer_id foreign key (customer_id) references customers (id);
alter table customer_banks
    add constraint cb_id__co_id foreign key (bank_id) references creditoffers (id);


/*клиенты*/
INSERT INTO PUBLIC.CUSTOMERS (ID, EMAIL, NAME, PASSPORT_NUMBER, PATRONYMIC, PHONE_NUMBER, SURNAME) VALUES ('0f54e8e0-d718-4528-b01e-09155de1432a', 'mail@mail.com', 'Ирина', '5599886644', 'Александровна', '+79644225545', 'Михайлова');
INSERT INTO PUBLIC.CUSTOMERS (ID, EMAIL, NAME, PASSPORT_NUMBER, PATRONYMIC, PHONE_NUMBER, SURNAME) VALUES ('3dfa8557-869e-4dbd-bf1c-9375f24b44de', 'mail@mail.com', 'Михаил', '4455778866', 'Петрович', '+798711122255', 'Ивонов');
INSERT INTO PUBLIC.CUSTOMERS (ID, EMAIL, NAME, PASSPORT_NUMBER, PATRONYMIC, PHONE_NUMBER, SURNAME) VALUES ('53bd20a1-24d2-437b-8b04-3eea44db174d', 'mail@mail.com', 'Никита', '4635215487', 'Сергеевич', '+78979876558', 'Щербаков');
INSERT INTO PUBLIC.CUSTOMERS (ID, EMAIL, NAME, PASSPORT_NUMBER, PATRONYMIC, PHONE_NUMBER, SURNAME) VALUES ('6547a40c-80c8-4b30-808a-17adc399b08b', 'mail@mail.com', 'Иван', '5566554488', 'Николаевич', '+78005557575', 'Иваненков');
INSERT INTO PUBLIC.CUSTOMERS (ID, EMAIL, NAME, PASSPORT_NUMBER, PATRONYMIC, PHONE_NUMBER, SURNAME) VALUES ('66b686c4-56c3-4377-acc2-21d3b5795a29', 'mail@mail.com', 'Геннадий', '1239876452', 'Сергеевич', '+9784455221', 'Щеглов');
INSERT INTO PUBLIC.CUSTOMERS (ID, EMAIL, NAME, PASSPORT_NUMBER, PATRONYMIC, PHONE_NUMBER, SURNAME) VALUES ('b7fab304-9c1a-487f-891e-0394b6caa645', 'mail@mail.com', 'Мария', '5598774565', 'Анатольевна', '8976445566', 'Захарова');
INSERT INTO PUBLIC.CUSTOMERS (ID, EMAIL, NAME, PASSPORT_NUMBER, PATRONYMIC, PHONE_NUMBER, SURNAME) VALUES ('d51b574f-c46a-4944-a5f7-4a7563d8bf16', 'mail@mail.com', 'Александра', '8978554632', 'Сергеевич', '+7228655874', 'Приходько');
INSERT INTO PUBLIC.CUSTOMERS (ID, EMAIL, NAME, PASSPORT_NUMBER, PATRONYMIC, PHONE_NUMBER, SURNAME) VALUES ('e7586d78-2d0f-4576-a14c-6beb53f771b9', 'mail@mail.com', 'Николай', '88665544223', 'Николаевич', '+79986655554', 'Петров');
INSERT INTO PUBLIC.CUSTOMERS (ID, EMAIL, NAME, PASSPORT_NUMBER, PATRONYMIC, PHONE_NUMBER, SURNAME) VALUES ('f7543515-e7a9-4b95-8256-aedb47d630bd', 'mail@mail.com', 'Елена', '8855643254', 'Денисовна', '+7899712544', 'Бабанова');
INSERT INTO PUBLIC.CUSTOMERS (ID, EMAIL, NAME, PASSPORT_NUMBER, PATRONYMIC, PHONE_NUMBER, SURNAME) VALUES ('fc365857-a6c2-4c6e-90f6-186766a13621', 'mail@mail.com', 'Нина', '8854636322', 'Андреевна', '+79871254665', 'Хлопоткина');


/*Кредиты*/
INSERT INTO PUBLIC.CREDITS (ID, CREDIT_LIMIT, INTEREST_RATE) VALUES ('1f7863c6-e46b-43ab-9a93-16f8f530925c', 550000, 12);
INSERT INTO PUBLIC.CREDITS (ID, CREDIT_LIMIT, INTEREST_RATE) VALUES ('1fea4378-b006-4826-9e0b-82e4afa75d5c', 890000, 11);
INSERT INTO PUBLIC.CREDITS (ID, CREDIT_LIMIT, INTEREST_RATE) VALUES ('38e60e7a-f45e-4e2b-85df-6b7052ae0846', 777000, 11);
INSERT INTO PUBLIC.CREDITS (ID, CREDIT_LIMIT, INTEREST_RATE) VALUES ('4986fe57-e5da-4a19-991f-333a1fd28cb4', 750000, 12);
INSERT INTO PUBLIC.CREDITS (ID, CREDIT_LIMIT, INTEREST_RATE) VALUES ('5a963906-b54d-46ba-ba64-9ea18f49b79d', 150000, 12);
INSERT INTO PUBLIC.CREDITS (ID, CREDIT_LIMIT, INTEREST_RATE) VALUES ('89d36d2c-5295-48d9-ac8d-ec67cb39df4c', 350000, 11);
INSERT INTO PUBLIC.CREDITS (ID, CREDIT_LIMIT, INTEREST_RATE) VALUES ('a5e51797-0f05-4a0f-ab38-ff422f1e49b8', 1250000, 10.5);
INSERT INTO PUBLIC.CREDITS (ID, CREDIT_LIMIT, INTEREST_RATE) VALUES ('bb919247-0b47-401a-8c76-97845a5dae2f', 2500000, 11);
INSERT INTO PUBLIC.CREDITS (ID, CREDIT_LIMIT, INTEREST_RATE) VALUES ('ca1381ae-27eb-44a6-8715-f6773768d348', 670000, 9);
INSERT INTO PUBLIC.CREDITS (ID, CREDIT_LIMIT, INTEREST_RATE) VALUES ('d3b00ac8-a533-4a5a-89cb-c2d7b6a4a0c0', 1500000, 9.5);

/*банки*/
INSERT INTO PUBLIC.BANKS (ID, NAME_OF_BANK) VALUES ('07dc98c8-48cc-4ef8-80c3-92bd0a433c64', 'Сити');
INSERT INTO PUBLIC.BANKS (ID, NAME_OF_BANK) VALUES ('1b77c6a0-1d17-41b9-acaf-349ce92f454a', 'ВТБ');
INSERT INTO PUBLIC.BANKS (ID, NAME_OF_BANK) VALUES ('267b950a-b4e6-4f27-9fc1-a1fd5968ede3', 'Альфа-банк');
INSERT INTO PUBLIC.BANKS (ID, NAME_OF_BANK) VALUES ('2dd9e36c-5d45-41c3-9521-7cd8cea46135', 'ПочтаБанк');
INSERT INTO PUBLIC.BANKS (ID, NAME_OF_BANK) VALUES ('3ce3da78-b82f-45f5-8357-ee1051a53a8d', 'Тинькофф');
INSERT INTO PUBLIC.BANKS (ID, NAME_OF_BANK) VALUES ('8ec59ba6-b110-4c01-bbf2-87878767131d', 'Открытие');
INSERT INTO PUBLIC.BANKS (ID, NAME_OF_BANK) VALUES ('92a18191-37f9-4e7c-98dc-44bc6b726952', 'Локо');
INSERT INTO PUBLIC.BANKS (ID, NAME_OF_BANK) VALUES ('a2e5d288-9da8-4ea1-92a8-077dbcfbb752', 'ЮниКредит');
INSERT INTO PUBLIC.BANKS (ID, NAME_OF_BANK) VALUES ('a41d544f-b184-4eab-904d-810e7ac37173', 'Сбербанк');
INSERT INTO PUBLIC.BANKS (ID, NAME_OF_BANK) VALUES ('d5c6996f-8249-49f5-b1a4-977246a7aa44', 'ГазпромБанк');


/*банки - кредиты*/
INSERT INTO PUBLIC.CREDIT_BANKS (CREDIT_ID, BANK_ID) VALUES ('1f7863c6-e46b-43ab-9a93-16f8f530925c', '07dc98c8-48cc-4ef8-80c3-92bd0a433c64');
INSERT INTO PUBLIC.CREDIT_BANKS (CREDIT_ID, BANK_ID) VALUES ('1fea4378-b006-4826-9e0b-82e4afa75d5c', '07dc98c8-48cc-4ef8-80c3-92bd0a433c64');
INSERT INTO PUBLIC.CREDIT_BANKS (CREDIT_ID, BANK_ID) VALUES ('38e60e7a-f45e-4e2b-85df-6b7052ae0846', '07dc98c8-48cc-4ef8-80c3-92bd0a433c64');
INSERT INTO PUBLIC.CREDIT_BANKS (CREDIT_ID, BANK_ID) VALUES ('5a963906-b54d-46ba-ba64-9ea18f49b79d', '07dc98c8-48cc-4ef8-80c3-92bd0a433c64');
INSERT INTO PUBLIC.CREDIT_BANKS (CREDIT_ID, BANK_ID) VALUES ('89d36d2c-5295-48d9-ac8d-ec67cb39df4c', '07dc98c8-48cc-4ef8-80c3-92bd0a433c64');
INSERT INTO PUBLIC.CREDIT_BANKS (CREDIT_ID, BANK_ID) VALUES ('a5e51797-0f05-4a0f-ab38-ff422f1e49b8', '07dc98c8-48cc-4ef8-80c3-92bd0a433c64');
INSERT INTO PUBLIC.CREDIT_BANKS (CREDIT_ID, BANK_ID) VALUES ('bb919247-0b47-401a-8c76-97845a5dae2f', '07dc98c8-48cc-4ef8-80c3-92bd0a433c64');
INSERT INTO PUBLIC.CREDIT_BANKS (CREDIT_ID, BANK_ID) VALUES ('ca1381ae-27eb-44a6-8715-f6773768d348', '07dc98c8-48cc-4ef8-80c3-92bd0a433c64');
INSERT INTO PUBLIC.CREDIT_BANKS (CREDIT_ID, BANK_ID) VALUES ('1f7863c6-e46b-43ab-9a93-16f8f530925c', '1b77c6a0-1d17-41b9-acaf-349ce92f454a');
INSERT INTO PUBLIC.CREDIT_BANKS (CREDIT_ID, BANK_ID) VALUES ('38e60e7a-f45e-4e2b-85df-6b7052ae0846', '1b77c6a0-1d17-41b9-acaf-349ce92f454a');
INSERT INTO PUBLIC.CREDIT_BANKS (CREDIT_ID, BANK_ID) VALUES ('4986fe57-e5da-4a19-991f-333a1fd28cb4', '1b77c6a0-1d17-41b9-acaf-349ce92f454a');
INSERT INTO PUBLIC.CREDIT_BANKS (CREDIT_ID, BANK_ID) VALUES ('5a963906-b54d-46ba-ba64-9ea18f49b79d', '1b77c6a0-1d17-41b9-acaf-349ce92f454a');
INSERT INTO PUBLIC.CREDIT_BANKS (CREDIT_ID, BANK_ID) VALUES ('89d36d2c-5295-48d9-ac8d-ec67cb39df4c', '1b77c6a0-1d17-41b9-acaf-349ce92f454a');
INSERT INTO PUBLIC.CREDIT_BANKS (CREDIT_ID, BANK_ID) VALUES ('a5e51797-0f05-4a0f-ab38-ff422f1e49b8', '1b77c6a0-1d17-41b9-acaf-349ce92f454a');
INSERT INTO PUBLIC.CREDIT_BANKS (CREDIT_ID, BANK_ID) VALUES ('bb919247-0b47-401a-8c76-97845a5dae2f', '1b77c6a0-1d17-41b9-acaf-349ce92f454a');
INSERT INTO PUBLIC.CREDIT_BANKS (CREDIT_ID, BANK_ID) VALUES ('ca1381ae-27eb-44a6-8715-f6773768d348', '1b77c6a0-1d17-41b9-acaf-349ce92f454a');
INSERT INTO PUBLIC.CREDIT_BANKS (CREDIT_ID, BANK_ID) VALUES ('1fea4378-b006-4826-9e0b-82e4afa75d5c', '267b950a-b4e6-4f27-9fc1-a1fd5968ede3');
INSERT INTO PUBLIC.CREDIT_BANKS (CREDIT_ID, BANK_ID) VALUES ('38e60e7a-f45e-4e2b-85df-6b7052ae0846', '267b950a-b4e6-4f27-9fc1-a1fd5968ede3');
INSERT INTO PUBLIC.CREDIT_BANKS (CREDIT_ID, BANK_ID) VALUES ('4986fe57-e5da-4a19-991f-333a1fd28cb4', '267b950a-b4e6-4f27-9fc1-a1fd5968ede3');
INSERT INTO PUBLIC.CREDIT_BANKS (CREDIT_ID, BANK_ID) VALUES ('89d36d2c-5295-48d9-ac8d-ec67cb39df4c', '267b950a-b4e6-4f27-9fc1-a1fd5968ede3');
INSERT INTO PUBLIC.CREDIT_BANKS (CREDIT_ID, BANK_ID) VALUES ('a5e51797-0f05-4a0f-ab38-ff422f1e49b8', '267b950a-b4e6-4f27-9fc1-a1fd5968ede3');
INSERT INTO PUBLIC.CREDIT_BANKS (CREDIT_ID, BANK_ID) VALUES ('bb919247-0b47-401a-8c76-97845a5dae2f', '267b950a-b4e6-4f27-9fc1-a1fd5968ede3');
INSERT INTO PUBLIC.CREDIT_BANKS (CREDIT_ID, BANK_ID) VALUES ('d3b00ac8-a533-4a5a-89cb-c2d7b6a4a0c0', '267b950a-b4e6-4f27-9fc1-a1fd5968ede3');
INSERT INTO PUBLIC.CREDIT_BANKS (CREDIT_ID, BANK_ID) VALUES ('1fea4378-b006-4826-9e0b-82e4afa75d5c', '2dd9e36c-5d45-41c3-9521-7cd8cea46135');
INSERT INTO PUBLIC.CREDIT_BANKS (CREDIT_ID, BANK_ID) VALUES ('38e60e7a-f45e-4e2b-85df-6b7052ae0846', '2dd9e36c-5d45-41c3-9521-7cd8cea46135');
INSERT INTO PUBLIC.CREDIT_BANKS (CREDIT_ID, BANK_ID) VALUES ('a5e51797-0f05-4a0f-ab38-ff422f1e49b8', '2dd9e36c-5d45-41c3-9521-7cd8cea46135');
INSERT INTO PUBLIC.CREDIT_BANKS (CREDIT_ID, BANK_ID) VALUES ('1f7863c6-e46b-43ab-9a93-16f8f530925c', '3ce3da78-b82f-45f5-8357-ee1051a53a8d');
INSERT INTO PUBLIC.CREDIT_BANKS (CREDIT_ID, BANK_ID) VALUES ('1fea4378-b006-4826-9e0b-82e4afa75d5c', '3ce3da78-b82f-45f5-8357-ee1051a53a8d');
INSERT INTO PUBLIC.CREDIT_BANKS (CREDIT_ID, BANK_ID) VALUES ('38e60e7a-f45e-4e2b-85df-6b7052ae0846', '3ce3da78-b82f-45f5-8357-ee1051a53a8d');
INSERT INTO PUBLIC.CREDIT_BANKS (CREDIT_ID, BANK_ID) VALUES ('4986fe57-e5da-4a19-991f-333a1fd28cb4', '3ce3da78-b82f-45f5-8357-ee1051a53a8d');
INSERT INTO PUBLIC.CREDIT_BANKS (CREDIT_ID, BANK_ID) VALUES ('5a963906-b54d-46ba-ba64-9ea18f49b79d', '3ce3da78-b82f-45f5-8357-ee1051a53a8d');
INSERT INTO PUBLIC.CREDIT_BANKS (CREDIT_ID, BANK_ID) VALUES ('a5e51797-0f05-4a0f-ab38-ff422f1e49b8', '3ce3da78-b82f-45f5-8357-ee1051a53a8d');
INSERT INTO PUBLIC.CREDIT_BANKS (CREDIT_ID, BANK_ID) VALUES ('bb919247-0b47-401a-8c76-97845a5dae2f', '3ce3da78-b82f-45f5-8357-ee1051a53a8d');
INSERT INTO PUBLIC.CREDIT_BANKS (CREDIT_ID, BANK_ID) VALUES ('ca1381ae-27eb-44a6-8715-f6773768d348', '3ce3da78-b82f-45f5-8357-ee1051a53a8d');
INSERT INTO PUBLIC.CREDIT_BANKS (CREDIT_ID, BANK_ID) VALUES ('1f7863c6-e46b-43ab-9a93-16f8f530925c', '8ec59ba6-b110-4c01-bbf2-87878767131d');
INSERT INTO PUBLIC.CREDIT_BANKS (CREDIT_ID, BANK_ID) VALUES ('38e60e7a-f45e-4e2b-85df-6b7052ae0846', '8ec59ba6-b110-4c01-bbf2-87878767131d');
INSERT INTO PUBLIC.CREDIT_BANKS (CREDIT_ID, BANK_ID) VALUES ('4986fe57-e5da-4a19-991f-333a1fd28cb4', '8ec59ba6-b110-4c01-bbf2-87878767131d');
INSERT INTO PUBLIC.CREDIT_BANKS (CREDIT_ID, BANK_ID) VALUES ('5a963906-b54d-46ba-ba64-9ea18f49b79d', '8ec59ba6-b110-4c01-bbf2-87878767131d');
INSERT INTO PUBLIC.CREDIT_BANKS (CREDIT_ID, BANK_ID) VALUES ('89d36d2c-5295-48d9-ac8d-ec67cb39df4c', '8ec59ba6-b110-4c01-bbf2-87878767131d');
INSERT INTO PUBLIC.CREDIT_BANKS (CREDIT_ID, BANK_ID) VALUES ('a5e51797-0f05-4a0f-ab38-ff422f1e49b8', '8ec59ba6-b110-4c01-bbf2-87878767131d');
INSERT INTO PUBLIC.CREDIT_BANKS (CREDIT_ID, BANK_ID) VALUES ('bb919247-0b47-401a-8c76-97845a5dae2f', '8ec59ba6-b110-4c01-bbf2-87878767131d');
INSERT INTO PUBLIC.CREDIT_BANKS (CREDIT_ID, BANK_ID) VALUES ('ca1381ae-27eb-44a6-8715-f6773768d348', '8ec59ba6-b110-4c01-bbf2-87878767131d');
INSERT INTO PUBLIC.CREDIT_BANKS (CREDIT_ID, BANK_ID) VALUES ('1f7863c6-e46b-43ab-9a93-16f8f530925c', '92a18191-37f9-4e7c-98dc-44bc6b726952');
INSERT INTO PUBLIC.CREDIT_BANKS (CREDIT_ID, BANK_ID) VALUES ('1fea4378-b006-4826-9e0b-82e4afa75d5c', '92a18191-37f9-4e7c-98dc-44bc6b726952');
INSERT INTO PUBLIC.CREDIT_BANKS (CREDIT_ID, BANK_ID) VALUES ('38e60e7a-f45e-4e2b-85df-6b7052ae0846', '92a18191-37f9-4e7c-98dc-44bc6b726952');
INSERT INTO PUBLIC.CREDIT_BANKS (CREDIT_ID, BANK_ID) VALUES ('4986fe57-e5da-4a19-991f-333a1fd28cb4', '92a18191-37f9-4e7c-98dc-44bc6b726952');
INSERT INTO PUBLIC.CREDIT_BANKS (CREDIT_ID, BANK_ID) VALUES ('5a963906-b54d-46ba-ba64-9ea18f49b79d', '92a18191-37f9-4e7c-98dc-44bc6b726952');
INSERT INTO PUBLIC.CREDIT_BANKS (CREDIT_ID, BANK_ID) VALUES ('89d36d2c-5295-48d9-ac8d-ec67cb39df4c', '92a18191-37f9-4e7c-98dc-44bc6b726952');
INSERT INTO PUBLIC.CREDIT_BANKS (CREDIT_ID, BANK_ID) VALUES ('a5e51797-0f05-4a0f-ab38-ff422f1e49b8', '92a18191-37f9-4e7c-98dc-44bc6b726952');
INSERT INTO PUBLIC.CREDIT_BANKS (CREDIT_ID, BANK_ID) VALUES ('bb919247-0b47-401a-8c76-97845a5dae2f', '92a18191-37f9-4e7c-98dc-44bc6b726952');
INSERT INTO PUBLIC.CREDIT_BANKS (CREDIT_ID, BANK_ID) VALUES ('ca1381ae-27eb-44a6-8715-f6773768d348', '92a18191-37f9-4e7c-98dc-44bc6b726952');
INSERT INTO PUBLIC.CREDIT_BANKS (CREDIT_ID, BANK_ID) VALUES ('1fea4378-b006-4826-9e0b-82e4afa75d5c', 'a2e5d288-9da8-4ea1-92a8-077dbcfbb752');
INSERT INTO PUBLIC.CREDIT_BANKS (CREDIT_ID, BANK_ID) VALUES ('38e60e7a-f45e-4e2b-85df-6b7052ae0846', 'a2e5d288-9da8-4ea1-92a8-077dbcfbb752');
INSERT INTO PUBLIC.CREDIT_BANKS (CREDIT_ID, BANK_ID) VALUES ('4986fe57-e5da-4a19-991f-333a1fd28cb4', 'a2e5d288-9da8-4ea1-92a8-077dbcfbb752');
INSERT INTO PUBLIC.CREDIT_BANKS (CREDIT_ID, BANK_ID) VALUES ('5a963906-b54d-46ba-ba64-9ea18f49b79d', 'a2e5d288-9da8-4ea1-92a8-077dbcfbb752');
INSERT INTO PUBLIC.CREDIT_BANKS (CREDIT_ID, BANK_ID) VALUES ('89d36d2c-5295-48d9-ac8d-ec67cb39df4c', 'a2e5d288-9da8-4ea1-92a8-077dbcfbb752');
INSERT INTO PUBLIC.CREDIT_BANKS (CREDIT_ID, BANK_ID) VALUES ('a5e51797-0f05-4a0f-ab38-ff422f1e49b8', 'a2e5d288-9da8-4ea1-92a8-077dbcfbb752');
INSERT INTO PUBLIC.CREDIT_BANKS (CREDIT_ID, BANK_ID) VALUES ('bb919247-0b47-401a-8c76-97845a5dae2f', 'a2e5d288-9da8-4ea1-92a8-077dbcfbb752');
INSERT INTO PUBLIC.CREDIT_BANKS (CREDIT_ID, BANK_ID) VALUES ('ca1381ae-27eb-44a6-8715-f6773768d348', 'a2e5d288-9da8-4ea1-92a8-077dbcfbb752');
INSERT INTO PUBLIC.CREDIT_BANKS (CREDIT_ID, BANK_ID) VALUES ('d3b00ac8-a533-4a5a-89cb-c2d7b6a4a0c0', 'a2e5d288-9da8-4ea1-92a8-077dbcfbb752');
INSERT INTO PUBLIC.CREDIT_BANKS (CREDIT_ID, BANK_ID) VALUES ('1fea4378-b006-4826-9e0b-82e4afa75d5c', 'a41d544f-b184-4eab-904d-810e7ac37173');
INSERT INTO PUBLIC.CREDIT_BANKS (CREDIT_ID, BANK_ID) VALUES ('4986fe57-e5da-4a19-991f-333a1fd28cb4', 'a41d544f-b184-4eab-904d-810e7ac37173');
INSERT INTO PUBLIC.CREDIT_BANKS (CREDIT_ID, BANK_ID) VALUES ('89d36d2c-5295-48d9-ac8d-ec67cb39df4c', 'a41d544f-b184-4eab-904d-810e7ac37173');
INSERT INTO PUBLIC.CREDIT_BANKS (CREDIT_ID, BANK_ID) VALUES ('a5e51797-0f05-4a0f-ab38-ff422f1e49b8', 'a41d544f-b184-4eab-904d-810e7ac37173');
INSERT INTO PUBLIC.CREDIT_BANKS (CREDIT_ID, BANK_ID) VALUES ('bb919247-0b47-401a-8c76-97845a5dae2f', 'a41d544f-b184-4eab-904d-810e7ac37173');
INSERT INTO PUBLIC.CREDIT_BANKS (CREDIT_ID, BANK_ID) VALUES ('d3b00ac8-a533-4a5a-89cb-c2d7b6a4a0c0', 'a41d544f-b184-4eab-904d-810e7ac37173');
INSERT INTO PUBLIC.CREDIT_BANKS (CREDIT_ID, BANK_ID) VALUES ('1fea4378-b006-4826-9e0b-82e4afa75d5c', 'd5c6996f-8249-49f5-b1a4-977246a7aa44');
INSERT INTO PUBLIC.CREDIT_BANKS (CREDIT_ID, BANK_ID) VALUES ('38e60e7a-f45e-4e2b-85df-6b7052ae0846', 'd5c6996f-8249-49f5-b1a4-977246a7aa44');
INSERT INTO PUBLIC.CREDIT_BANKS (CREDIT_ID, BANK_ID) VALUES ('4986fe57-e5da-4a19-991f-333a1fd28cb4', 'd5c6996f-8249-49f5-b1a4-977246a7aa44');
INSERT INTO PUBLIC.CREDIT_BANKS (CREDIT_ID, BANK_ID) VALUES ('5a963906-b54d-46ba-ba64-9ea18f49b79d', 'd5c6996f-8249-49f5-b1a4-977246a7aa44');
INSERT INTO PUBLIC.CREDIT_BANKS (CREDIT_ID, BANK_ID) VALUES ('89d36d2c-5295-48d9-ac8d-ec67cb39df4c', 'd5c6996f-8249-49f5-b1a4-977246a7aa44');
INSERT INTO PUBLIC.CREDIT_BANKS (CREDIT_ID, BANK_ID) VALUES ('a5e51797-0f05-4a0f-ab38-ff422f1e49b8', 'd5c6996f-8249-49f5-b1a4-977246a7aa44');
INSERT INTO PUBLIC.CREDIT_BANKS (CREDIT_ID, BANK_ID) VALUES ('bb919247-0b47-401a-8c76-97845a5dae2f', 'd5c6996f-8249-49f5-b1a4-977246a7aa44');
INSERT INTO PUBLIC.CREDIT_BANKS (CREDIT_ID, BANK_ID) VALUES ('ca1381ae-27eb-44a6-8715-f6773768d348', 'd5c6996f-8249-49f5-b1a4-977246a7aa44');