/*
drop table credit_payments;
drop table creditoffers;
drop table credit_banks;
drop table customer_banks;
drop table credits;
drop table customers;
drop table banks;
*/


CREATE TABLE banks
(
    id           UUID PRIMARY KEY not null,
    name_of_bank varchar(255) DEFAULT NULL
);

create table creditoffers
(
    id            UUID PRIMARY KEY not null,
    credit_amount double           not null,
    bank_id       UUID default null,
    credit_id     UUID default null,
    customer_id   UUID default null
);

CREATE TABLE customers
(
    id              UUID PRIMARY KEY not null,
    name            varchar(255) DEFAULT NULL,
    surname         varchar(255) DEFAULT NULL,
    patronymic      varchar(255) DEFAULT NULL,
    email           varchar(255) DEFAULT NULL,
    passport_number varchar(255) DEFAULT NULL,
    phone_number    varchar(255) DEFAULT NULL
);

create table credits
(
    id            UUID PRIMARY KEY not null,
    credit_limit  int              not null,
    interest_rate float            not null
);

create table credit_banks
(
    credit_id UUID not null,
    bank_id   UUID not null,
    primary key (credit_id, bank_id)
);

create table credit_payments
(
    id                            UUID PRIMARY KEY not null,
    date_of_payment               date default null,
    payment_of_month              float            not null,
    payment_of_percent_in_month   float            not null,
    payment_of_loan_body_in_month float            not null,
    credit_offer_id               UUID default null
);

create table customer_banks
(
    customer_id UUID not null,
    bank_id     UUID not null,
    primary key (customer_id, bank_id)
);

alter table creditoffers
    add constraint co_id__customer_id foreign key (customer_id) references customers (id);
alter table creditoffers
    add constraint co_id__bank_id foreign key (bank_id) references banks (id);
alter table creditoffers
    add constraint co_id__credit_id foreign key (credit_id) references credits (id);


alter table credit_banks
    add constraint cb_id__bank_id foreign key (bank_id) references banks (id);
alter table credit_banks
    add constraint cb_id__credit_id foreign key (credit_id) references credits (id);


alter table credit_payments
    add constraint cp_id__CREDIT_OFFER_ID foreign key (credit_offer_id) references creditoffers (id);


alter table customer_banks
    add constraint cb_id__customer_id foreign key (customer_id) references customers (id);
alter table customer_banks
    add constraint cb_id__co_id foreign key (bank_id) references banks (id);


/*клиенты*/
INSERT INTO PUBLIC.CUSTOMERS (ID, EMAIL, NAME, PASSPORT_NUMBER, PATRONYMIC, PHONE_NUMBER, SURNAME)
VALUES ('0f54e8e0-d718-4528-b01e-09155de1432a', 'mail@mail.com', 'Ирина', '5599886644', 'Александровна', '+79644225545',
        'Михайлова');
INSERT INTO PUBLIC.CUSTOMERS (ID, EMAIL, NAME, PASSPORT_NUMBER, PATRONYMIC, PHONE_NUMBER, SURNAME)
VALUES ('3dfa8557-869e-4dbd-bf1c-9375f24b44de', 'mail@mail.com', 'Михаил', '4455778866', 'Петрович', '+798711122255',
        'Ивонов');
INSERT INTO PUBLIC.CUSTOMERS (ID, EMAIL, NAME, PASSPORT_NUMBER, PATRONYMIC, PHONE_NUMBER, SURNAME)
VALUES ('53bd20a1-24d2-437b-8b04-3eea44db174d', 'mail@mail.com', 'Никита', '4635215487', 'Сергеевич', '+78979876558',
        'Щербаков');
INSERT INTO PUBLIC.CUSTOMERS (ID, EMAIL, NAME, PASSPORT_NUMBER, PATRONYMIC, PHONE_NUMBER, SURNAME)
VALUES ('6547a40c-80c8-4b30-808a-17adc399b08b', 'mail@mail.com', 'Иван', '5566554488', 'Николаевич', '+78005557575',
        'Иваненков');
INSERT INTO PUBLIC.CUSTOMERS (ID, EMAIL, NAME, PASSPORT_NUMBER, PATRONYMIC, PHONE_NUMBER, SURNAME)
VALUES ('66b686c4-56c3-4377-acc2-21d3b5795a29', 'mail@mail.com', 'Геннадий', '1239876452', 'Сергеевич', '+9784455221',
        'Щеглов');
INSERT INTO PUBLIC.CUSTOMERS (ID, EMAIL, NAME, PASSPORT_NUMBER, PATRONYMIC, PHONE_NUMBER, SURNAME)
VALUES ('b7fab304-9c1a-487f-891e-0394b6caa645', 'mail@mail.com', 'Мария', '5598774565', 'Анатольевна', '8976445566',
        'Захарова');
INSERT INTO PUBLIC.CUSTOMERS (ID, EMAIL, NAME, PASSPORT_NUMBER, PATRONYMIC, PHONE_NUMBER, SURNAME)
VALUES ('d51b574f-c46a-4944-a5f7-4a7563d8bf16', 'mail@mail.com', 'Александра', '8978554632', 'Сергеевич', '+7228655874',
        'Приходько');
INSERT INTO PUBLIC.CUSTOMERS (ID, EMAIL, NAME, PASSPORT_NUMBER, PATRONYMIC, PHONE_NUMBER, SURNAME)
VALUES ('e7586d78-2d0f-4576-a14c-6beb53f771b9', 'mail@mail.com', 'Николай', '88665544223', 'Николаевич', '+79986655554',
        'Петров');
INSERT INTO PUBLIC.CUSTOMERS (ID, EMAIL, NAME, PASSPORT_NUMBER, PATRONYMIC, PHONE_NUMBER, SURNAME)
VALUES ('f7543515-e7a9-4b95-8256-aedb47d630bd', 'mail@mail.com', 'Елена', '8855643254', 'Денисовна', '+7899712544',
        'Бабанова');
INSERT INTO PUBLIC.CUSTOMERS (ID, EMAIL, NAME, PASSPORT_NUMBER, PATRONYMIC, PHONE_NUMBER, SURNAME)
VALUES ('fc365857-a6c2-4c6e-90f6-186766a13621', 'mail@mail.com', 'Нина', '8854636322', 'Андреевна', '+79871254665',
        'Хлопоткина');


/*Кредиты*/
INSERT INTO PUBLIC.CREDITS (ID, CREDIT_LIMIT, INTEREST_RATE)
VALUES ('1f7863c6-e46b-43ab-9a93-16f8f530925c', 550000, 12);
INSERT INTO PUBLIC.CREDITS (ID, CREDIT_LIMIT, INTEREST_RATE)
VALUES ('1fea4378-b006-4826-9e0b-82e4afa75d5c', 890000, 11);
INSERT INTO PUBLIC.CREDITS (ID, CREDIT_LIMIT, INTEREST_RATE)
VALUES ('38e60e7a-f45e-4e2b-85df-6b7052ae0846', 777000, 11);
INSERT INTO PUBLIC.CREDITS (ID, CREDIT_LIMIT, INTEREST_RATE)
VALUES ('4986fe57-e5da-4a19-991f-333a1fd28cb4', 750000, 12);
INSERT INTO PUBLIC.CREDITS (ID, CREDIT_LIMIT, INTEREST_RATE)
VALUES ('5a963906-b54d-46ba-ba64-9ea18f49b79d', 150000, 12);
INSERT INTO PUBLIC.CREDITS (ID, CREDIT_LIMIT, INTEREST_RATE)
VALUES ('89d36d2c-5295-48d9-ac8d-ec67cb39df4c', 350000, 11);
INSERT INTO PUBLIC.CREDITS (ID, CREDIT_LIMIT, INTEREST_RATE)
VALUES ('a5e51797-0f05-4a0f-ab38-ff422f1e49b8', 1250000, 10.5);
INSERT INTO PUBLIC.CREDITS (ID, CREDIT_LIMIT, INTEREST_RATE)
VALUES ('bb919247-0b47-401a-8c76-97845a5dae2f', 2500000, 11);
INSERT INTO PUBLIC.CREDITS (ID, CREDIT_LIMIT, INTEREST_RATE)
VALUES ('ca1381ae-27eb-44a6-8715-f6773768d348', 670000, 9);
INSERT INTO PUBLIC.CREDITS (ID, CREDIT_LIMIT, INTEREST_RATE)
VALUES ('d3b00ac8-a533-4a5a-89cb-c2d7b6a4a0c0', 1500000, 9.5);

/*банки*/
INSERT INTO PUBLIC.BANKS (ID, NAME_OF_BANK)
VALUES ('07dc98c8-48cc-4ef8-80c3-92bd0a433c64', 'Сити');
INSERT INTO PUBLIC.BANKS (ID, NAME_OF_BANK)
VALUES ('1b77c6a0-1d17-41b9-acaf-349ce92f454a', 'ВТБ');
INSERT INTO PUBLIC.BANKS (ID, NAME_OF_BANK)
VALUES ('267b950a-b4e6-4f27-9fc1-a1fd5968ede3', 'Альфа-банк');
INSERT INTO PUBLIC.BANKS (ID, NAME_OF_BANK)
VALUES ('2dd9e36c-5d45-41c3-9521-7cd8cea46135', 'ПочтаБанк');
INSERT INTO PUBLIC.BANKS (ID, NAME_OF_BANK)
VALUES ('3ce3da78-b82f-45f5-8357-ee1051a53a8d', 'Тинькофф');
INSERT INTO PUBLIC.BANKS (ID, NAME_OF_BANK)
VALUES ('8ec59ba6-b110-4c01-bbf2-87878767131d', 'Открытие');
INSERT INTO PUBLIC.BANKS (ID, NAME_OF_BANK)
VALUES ('92a18191-37f9-4e7c-98dc-44bc6b726952', 'Локо');
INSERT INTO PUBLIC.BANKS (ID, NAME_OF_BANK)
VALUES ('a2e5d288-9da8-4ea1-92a8-077dbcfbb752', 'ЮниКредит');
INSERT INTO PUBLIC.BANKS (ID, NAME_OF_BANK)
VALUES ('a41d544f-b184-4eab-904d-810e7ac37173', 'Сбербанк');
INSERT INTO PUBLIC.BANKS (ID, NAME_OF_BANK)
VALUES ('d5c6996f-8249-49f5-b1a4-977246a7aa44', 'ГазпромБанк');


/*банки - кредиты*/
INSERT INTO PUBLIC.CREDIT_BANKS (CREDIT_ID, BANK_ID)
VALUES ('1f7863c6-e46b-43ab-9a93-16f8f530925c', '07dc98c8-48cc-4ef8-80c3-92bd0a433c64');
INSERT INTO PUBLIC.CREDIT_BANKS (CREDIT_ID, BANK_ID)
VALUES ('1fea4378-b006-4826-9e0b-82e4afa75d5c', '07dc98c8-48cc-4ef8-80c3-92bd0a433c64');
INSERT INTO PUBLIC.CREDIT_BANKS (CREDIT_ID, BANK_ID)
VALUES ('38e60e7a-f45e-4e2b-85df-6b7052ae0846', '07dc98c8-48cc-4ef8-80c3-92bd0a433c64');
INSERT INTO PUBLIC.CREDIT_BANKS (CREDIT_ID, BANK_ID)
VALUES ('5a963906-b54d-46ba-ba64-9ea18f49b79d', '07dc98c8-48cc-4ef8-80c3-92bd0a433c64');
INSERT INTO PUBLIC.CREDIT_BANKS (CREDIT_ID, BANK_ID)
VALUES ('89d36d2c-5295-48d9-ac8d-ec67cb39df4c', '07dc98c8-48cc-4ef8-80c3-92bd0a433c64');
INSERT INTO PUBLIC.CREDIT_BANKS (CREDIT_ID, BANK_ID)
VALUES ('a5e51797-0f05-4a0f-ab38-ff422f1e49b8', '07dc98c8-48cc-4ef8-80c3-92bd0a433c64');
INSERT INTO PUBLIC.CREDIT_BANKS (CREDIT_ID, BANK_ID)
VALUES ('bb919247-0b47-401a-8c76-97845a5dae2f', '07dc98c8-48cc-4ef8-80c3-92bd0a433c64');
INSERT INTO PUBLIC.CREDIT_BANKS (CREDIT_ID, BANK_ID)
VALUES ('ca1381ae-27eb-44a6-8715-f6773768d348', '07dc98c8-48cc-4ef8-80c3-92bd0a433c64');
INSERT INTO PUBLIC.CREDIT_BANKS (CREDIT_ID, BANK_ID)
VALUES ('1f7863c6-e46b-43ab-9a93-16f8f530925c', '1b77c6a0-1d17-41b9-acaf-349ce92f454a');
INSERT INTO PUBLIC.CREDIT_BANKS (CREDIT_ID, BANK_ID)
VALUES ('38e60e7a-f45e-4e2b-85df-6b7052ae0846', '1b77c6a0-1d17-41b9-acaf-349ce92f454a');
INSERT INTO PUBLIC.CREDIT_BANKS (CREDIT_ID, BANK_ID)
VALUES ('4986fe57-e5da-4a19-991f-333a1fd28cb4', '1b77c6a0-1d17-41b9-acaf-349ce92f454a');
INSERT INTO PUBLIC.CREDIT_BANKS (CREDIT_ID, BANK_ID)
VALUES ('5a963906-b54d-46ba-ba64-9ea18f49b79d', '1b77c6a0-1d17-41b9-acaf-349ce92f454a');
INSERT INTO PUBLIC.CREDIT_BANKS (CREDIT_ID, BANK_ID)
VALUES ('89d36d2c-5295-48d9-ac8d-ec67cb39df4c', '1b77c6a0-1d17-41b9-acaf-349ce92f454a');
INSERT INTO PUBLIC.CREDIT_BANKS (CREDIT_ID, BANK_ID)
VALUES ('a5e51797-0f05-4a0f-ab38-ff422f1e49b8', '1b77c6a0-1d17-41b9-acaf-349ce92f454a');
INSERT INTO PUBLIC.CREDIT_BANKS (CREDIT_ID, BANK_ID)
VALUES ('bb919247-0b47-401a-8c76-97845a5dae2f', '1b77c6a0-1d17-41b9-acaf-349ce92f454a');
INSERT INTO PUBLIC.CREDIT_BANKS (CREDIT_ID, BANK_ID)
VALUES ('ca1381ae-27eb-44a6-8715-f6773768d348', '1b77c6a0-1d17-41b9-acaf-349ce92f454a');
INSERT INTO PUBLIC.CREDIT_BANKS (CREDIT_ID, BANK_ID)
VALUES ('1fea4378-b006-4826-9e0b-82e4afa75d5c', '267b950a-b4e6-4f27-9fc1-a1fd5968ede3');
INSERT INTO PUBLIC.CREDIT_BANKS (CREDIT_ID, BANK_ID)
VALUES ('38e60e7a-f45e-4e2b-85df-6b7052ae0846', '267b950a-b4e6-4f27-9fc1-a1fd5968ede3');
INSERT INTO PUBLIC.CREDIT_BANKS (CREDIT_ID, BANK_ID)
VALUES ('4986fe57-e5da-4a19-991f-333a1fd28cb4', '267b950a-b4e6-4f27-9fc1-a1fd5968ede3');
INSERT INTO PUBLIC.CREDIT_BANKS (CREDIT_ID, BANK_ID)
VALUES ('89d36d2c-5295-48d9-ac8d-ec67cb39df4c', '267b950a-b4e6-4f27-9fc1-a1fd5968ede3');
INSERT INTO PUBLIC.CREDIT_BANKS (CREDIT_ID, BANK_ID)
VALUES ('a5e51797-0f05-4a0f-ab38-ff422f1e49b8', '267b950a-b4e6-4f27-9fc1-a1fd5968ede3');
INSERT INTO PUBLIC.CREDIT_BANKS (CREDIT_ID, BANK_ID)
VALUES ('bb919247-0b47-401a-8c76-97845a5dae2f', '267b950a-b4e6-4f27-9fc1-a1fd5968ede3');
INSERT INTO PUBLIC.CREDIT_BANKS (CREDIT_ID, BANK_ID)
VALUES ('d3b00ac8-a533-4a5a-89cb-c2d7b6a4a0c0', '267b950a-b4e6-4f27-9fc1-a1fd5968ede3');
INSERT INTO PUBLIC.CREDIT_BANKS (CREDIT_ID, BANK_ID)
VALUES ('1fea4378-b006-4826-9e0b-82e4afa75d5c', '2dd9e36c-5d45-41c3-9521-7cd8cea46135');
INSERT INTO PUBLIC.CREDIT_BANKS (CREDIT_ID, BANK_ID)
VALUES ('38e60e7a-f45e-4e2b-85df-6b7052ae0846', '2dd9e36c-5d45-41c3-9521-7cd8cea46135');
INSERT INTO PUBLIC.CREDIT_BANKS (CREDIT_ID, BANK_ID)
VALUES ('a5e51797-0f05-4a0f-ab38-ff422f1e49b8', '2dd9e36c-5d45-41c3-9521-7cd8cea46135');
INSERT INTO PUBLIC.CREDIT_BANKS (CREDIT_ID, BANK_ID)
VALUES ('1f7863c6-e46b-43ab-9a93-16f8f530925c', '3ce3da78-b82f-45f5-8357-ee1051a53a8d');
INSERT INTO PUBLIC.CREDIT_BANKS (CREDIT_ID, BANK_ID)
VALUES ('1fea4378-b006-4826-9e0b-82e4afa75d5c', '3ce3da78-b82f-45f5-8357-ee1051a53a8d');
INSERT INTO PUBLIC.CREDIT_BANKS (CREDIT_ID, BANK_ID)
VALUES ('38e60e7a-f45e-4e2b-85df-6b7052ae0846', '3ce3da78-b82f-45f5-8357-ee1051a53a8d');
INSERT INTO PUBLIC.CREDIT_BANKS (CREDIT_ID, BANK_ID)
VALUES ('4986fe57-e5da-4a19-991f-333a1fd28cb4', '3ce3da78-b82f-45f5-8357-ee1051a53a8d');
INSERT INTO PUBLIC.CREDIT_BANKS (CREDIT_ID, BANK_ID)
VALUES ('5a963906-b54d-46ba-ba64-9ea18f49b79d', '3ce3da78-b82f-45f5-8357-ee1051a53a8d');
INSERT INTO PUBLIC.CREDIT_BANKS (CREDIT_ID, BANK_ID)
VALUES ('a5e51797-0f05-4a0f-ab38-ff422f1e49b8', '3ce3da78-b82f-45f5-8357-ee1051a53a8d');
INSERT INTO PUBLIC.CREDIT_BANKS (CREDIT_ID, BANK_ID)
VALUES ('bb919247-0b47-401a-8c76-97845a5dae2f', '3ce3da78-b82f-45f5-8357-ee1051a53a8d');
INSERT INTO PUBLIC.CREDIT_BANKS (CREDIT_ID, BANK_ID)
VALUES ('ca1381ae-27eb-44a6-8715-f6773768d348', '3ce3da78-b82f-45f5-8357-ee1051a53a8d');
INSERT INTO PUBLIC.CREDIT_BANKS (CREDIT_ID, BANK_ID)
VALUES ('1f7863c6-e46b-43ab-9a93-16f8f530925c', '8ec59ba6-b110-4c01-bbf2-87878767131d');
INSERT INTO PUBLIC.CREDIT_BANKS (CREDIT_ID, BANK_ID)
VALUES ('38e60e7a-f45e-4e2b-85df-6b7052ae0846', '8ec59ba6-b110-4c01-bbf2-87878767131d');
INSERT INTO PUBLIC.CREDIT_BANKS (CREDIT_ID, BANK_ID)
VALUES ('4986fe57-e5da-4a19-991f-333a1fd28cb4', '8ec59ba6-b110-4c01-bbf2-87878767131d');
INSERT INTO PUBLIC.CREDIT_BANKS (CREDIT_ID, BANK_ID)
VALUES ('5a963906-b54d-46ba-ba64-9ea18f49b79d', '8ec59ba6-b110-4c01-bbf2-87878767131d');
INSERT INTO PUBLIC.CREDIT_BANKS (CREDIT_ID, BANK_ID)
VALUES ('89d36d2c-5295-48d9-ac8d-ec67cb39df4c', '8ec59ba6-b110-4c01-bbf2-87878767131d');
INSERT INTO PUBLIC.CREDIT_BANKS (CREDIT_ID, BANK_ID)
VALUES ('a5e51797-0f05-4a0f-ab38-ff422f1e49b8', '8ec59ba6-b110-4c01-bbf2-87878767131d');
INSERT INTO PUBLIC.CREDIT_BANKS (CREDIT_ID, BANK_ID)
VALUES ('bb919247-0b47-401a-8c76-97845a5dae2f', '8ec59ba6-b110-4c01-bbf2-87878767131d');
INSERT INTO PUBLIC.CREDIT_BANKS (CREDIT_ID, BANK_ID)
VALUES ('ca1381ae-27eb-44a6-8715-f6773768d348', '8ec59ba6-b110-4c01-bbf2-87878767131d');
INSERT INTO PUBLIC.CREDIT_BANKS (CREDIT_ID, BANK_ID)
VALUES ('1f7863c6-e46b-43ab-9a93-16f8f530925c', '92a18191-37f9-4e7c-98dc-44bc6b726952');
INSERT INTO PUBLIC.CREDIT_BANKS (CREDIT_ID, BANK_ID)
VALUES ('1fea4378-b006-4826-9e0b-82e4afa75d5c', '92a18191-37f9-4e7c-98dc-44bc6b726952');
INSERT INTO PUBLIC.CREDIT_BANKS (CREDIT_ID, BANK_ID)
VALUES ('38e60e7a-f45e-4e2b-85df-6b7052ae0846', '92a18191-37f9-4e7c-98dc-44bc6b726952');
INSERT INTO PUBLIC.CREDIT_BANKS (CREDIT_ID, BANK_ID)
VALUES ('4986fe57-e5da-4a19-991f-333a1fd28cb4', '92a18191-37f9-4e7c-98dc-44bc6b726952');
INSERT INTO PUBLIC.CREDIT_BANKS (CREDIT_ID, BANK_ID)
VALUES ('5a963906-b54d-46ba-ba64-9ea18f49b79d', '92a18191-37f9-4e7c-98dc-44bc6b726952');
INSERT INTO PUBLIC.CREDIT_BANKS (CREDIT_ID, BANK_ID)
VALUES ('89d36d2c-5295-48d9-ac8d-ec67cb39df4c', '92a18191-37f9-4e7c-98dc-44bc6b726952');
INSERT INTO PUBLIC.CREDIT_BANKS (CREDIT_ID, BANK_ID)
VALUES ('a5e51797-0f05-4a0f-ab38-ff422f1e49b8', '92a18191-37f9-4e7c-98dc-44bc6b726952');
INSERT INTO PUBLIC.CREDIT_BANKS (CREDIT_ID, BANK_ID)
VALUES ('bb919247-0b47-401a-8c76-97845a5dae2f', '92a18191-37f9-4e7c-98dc-44bc6b726952');
INSERT INTO PUBLIC.CREDIT_BANKS (CREDIT_ID, BANK_ID)
VALUES ('ca1381ae-27eb-44a6-8715-f6773768d348', '92a18191-37f9-4e7c-98dc-44bc6b726952');
INSERT INTO PUBLIC.CREDIT_BANKS (CREDIT_ID, BANK_ID)
VALUES ('1fea4378-b006-4826-9e0b-82e4afa75d5c', 'a2e5d288-9da8-4ea1-92a8-077dbcfbb752');
INSERT INTO PUBLIC.CREDIT_BANKS (CREDIT_ID, BANK_ID)
VALUES ('38e60e7a-f45e-4e2b-85df-6b7052ae0846', 'a2e5d288-9da8-4ea1-92a8-077dbcfbb752');
INSERT INTO PUBLIC.CREDIT_BANKS (CREDIT_ID, BANK_ID)
VALUES ('4986fe57-e5da-4a19-991f-333a1fd28cb4', 'a2e5d288-9da8-4ea1-92a8-077dbcfbb752');
INSERT INTO PUBLIC.CREDIT_BANKS (CREDIT_ID, BANK_ID)
VALUES ('5a963906-b54d-46ba-ba64-9ea18f49b79d', 'a2e5d288-9da8-4ea1-92a8-077dbcfbb752');
INSERT INTO PUBLIC.CREDIT_BANKS (CREDIT_ID, BANK_ID)
VALUES ('89d36d2c-5295-48d9-ac8d-ec67cb39df4c', 'a2e5d288-9da8-4ea1-92a8-077dbcfbb752');
INSERT INTO PUBLIC.CREDIT_BANKS (CREDIT_ID, BANK_ID)
VALUES ('a5e51797-0f05-4a0f-ab38-ff422f1e49b8', 'a2e5d288-9da8-4ea1-92a8-077dbcfbb752');
INSERT INTO PUBLIC.CREDIT_BANKS (CREDIT_ID, BANK_ID)
VALUES ('bb919247-0b47-401a-8c76-97845a5dae2f', 'a2e5d288-9da8-4ea1-92a8-077dbcfbb752');
INSERT INTO PUBLIC.CREDIT_BANKS (CREDIT_ID, BANK_ID)
VALUES ('ca1381ae-27eb-44a6-8715-f6773768d348', 'a2e5d288-9da8-4ea1-92a8-077dbcfbb752');
INSERT INTO PUBLIC.CREDIT_BANKS (CREDIT_ID, BANK_ID)
VALUES ('d3b00ac8-a533-4a5a-89cb-c2d7b6a4a0c0', 'a2e5d288-9da8-4ea1-92a8-077dbcfbb752');
INSERT INTO PUBLIC.CREDIT_BANKS (CREDIT_ID, BANK_ID)
VALUES ('1fea4378-b006-4826-9e0b-82e4afa75d5c', 'a41d544f-b184-4eab-904d-810e7ac37173');
INSERT INTO PUBLIC.CREDIT_BANKS (CREDIT_ID, BANK_ID)
VALUES ('4986fe57-e5da-4a19-991f-333a1fd28cb4', 'a41d544f-b184-4eab-904d-810e7ac37173');
INSERT INTO PUBLIC.CREDIT_BANKS (CREDIT_ID, BANK_ID)
VALUES ('89d36d2c-5295-48d9-ac8d-ec67cb39df4c', 'a41d544f-b184-4eab-904d-810e7ac37173');
INSERT INTO PUBLIC.CREDIT_BANKS (CREDIT_ID, BANK_ID)
VALUES ('a5e51797-0f05-4a0f-ab38-ff422f1e49b8', 'a41d544f-b184-4eab-904d-810e7ac37173');
INSERT INTO PUBLIC.CREDIT_BANKS (CREDIT_ID, BANK_ID)
VALUES ('bb919247-0b47-401a-8c76-97845a5dae2f', 'a41d544f-b184-4eab-904d-810e7ac37173');
INSERT INTO PUBLIC.CREDIT_BANKS (CREDIT_ID, BANK_ID)
VALUES ('d3b00ac8-a533-4a5a-89cb-c2d7b6a4a0c0', 'a41d544f-b184-4eab-904d-810e7ac37173');
INSERT INTO PUBLIC.CREDIT_BANKS (CREDIT_ID, BANK_ID)
VALUES ('1fea4378-b006-4826-9e0b-82e4afa75d5c', 'd5c6996f-8249-49f5-b1a4-977246a7aa44');
INSERT INTO PUBLIC.CREDIT_BANKS (CREDIT_ID, BANK_ID)
VALUES ('38e60e7a-f45e-4e2b-85df-6b7052ae0846', 'd5c6996f-8249-49f5-b1a4-977246a7aa44');
INSERT INTO PUBLIC.CREDIT_BANKS (CREDIT_ID, BANK_ID)
VALUES ('4986fe57-e5da-4a19-991f-333a1fd28cb4', 'd5c6996f-8249-49f5-b1a4-977246a7aa44');
INSERT INTO PUBLIC.CREDIT_BANKS (CREDIT_ID, BANK_ID)
VALUES ('5a963906-b54d-46ba-ba64-9ea18f49b79d', 'd5c6996f-8249-49f5-b1a4-977246a7aa44');
INSERT INTO PUBLIC.CREDIT_BANKS (CREDIT_ID, BANK_ID)
VALUES ('89d36d2c-5295-48d9-ac8d-ec67cb39df4c', 'd5c6996f-8249-49f5-b1a4-977246a7aa44');
INSERT INTO PUBLIC.CREDIT_BANKS (CREDIT_ID, BANK_ID)
VALUES ('a5e51797-0f05-4a0f-ab38-ff422f1e49b8', 'd5c6996f-8249-49f5-b1a4-977246a7aa44');
INSERT INTO PUBLIC.CREDIT_BANKS (CREDIT_ID, BANK_ID)
VALUES ('bb919247-0b47-401a-8c76-97845a5dae2f', 'd5c6996f-8249-49f5-b1a4-977246a7aa44');
INSERT INTO PUBLIC.CREDIT_BANKS (CREDIT_ID, BANK_ID)
VALUES ('ca1381ae-27eb-44a6-8715-f6773768d348', 'd5c6996f-8249-49f5-b1a4-977246a7aa44');

/*Банк- клиент*/
INSERT INTO PUBLIC.CUSTOMER_BANKS (CUSTOMER_ID, BANK_ID)
VALUES ('b7fab304-9c1a-487f-891e-0394b6caa645', '267b950a-b4e6-4f27-9fc1-a1fd5968ede3');
INSERT INTO PUBLIC.CUSTOMER_BANKS (CUSTOMER_ID, BANK_ID)
VALUES ('b7fab304-9c1a-487f-891e-0394b6caa645', '8ec59ba6-b110-4c01-bbf2-87878767131d');
INSERT INTO PUBLIC.CUSTOMER_BANKS (CUSTOMER_ID, BANK_ID)
VALUES ('e7586d78-2d0f-4576-a14c-6beb53f771b9', '3ce3da78-b82f-45f5-8357-ee1051a53a8d');
INSERT INTO PUBLIC.CUSTOMER_BANKS (CUSTOMER_ID, BANK_ID)
VALUES ('e7586d78-2d0f-4576-a14c-6beb53f771b9', '267b950a-b4e6-4f27-9fc1-a1fd5968ede3');
INSERT INTO PUBLIC.CUSTOMER_BANKS (CUSTOMER_ID, BANK_ID)
VALUES ('fc365857-a6c2-4c6e-90f6-186766a13621', 'a41d544f-b184-4eab-904d-810e7ac37173');
INSERT INTO PUBLIC.CUSTOMER_BANKS (CUSTOMER_ID, BANK_ID)
VALUES ('3dfa8557-869e-4dbd-bf1c-9375f24b44de', '1b77c6a0-1d17-41b9-acaf-349ce92f454a');
INSERT INTO PUBLIC.CUSTOMER_BANKS (CUSTOMER_ID, BANK_ID)
VALUES ('6547a40c-80c8-4b30-808a-17adc399b08b', '267b950a-b4e6-4f27-9fc1-a1fd5968ede3');
INSERT INTO PUBLIC.CUSTOMER_BANKS (CUSTOMER_ID, BANK_ID)
VALUES ('53bd20a1-24d2-437b-8b04-3eea44db174d', '1b77c6a0-1d17-41b9-acaf-349ce92f454a');
INSERT INTO PUBLIC.CUSTOMER_BANKS (CUSTOMER_ID, BANK_ID)
VALUES ('0f54e8e0-d718-4528-b01e-09155de1432a', '07dc98c8-48cc-4ef8-80c3-92bd0a433c64');
INSERT INTO PUBLIC.CUSTOMER_BANKS (CUSTOMER_ID, BANK_ID)
VALUES ('53bd20a1-24d2-437b-8b04-3eea44db174d', '07dc98c8-48cc-4ef8-80c3-92bd0a433c64');
INSERT INTO PUBLIC.CUSTOMER_BANKS (CUSTOMER_ID, BANK_ID)
VALUES ('6547a40c-80c8-4b30-808a-17adc399b08b', '07dc98c8-48cc-4ef8-80c3-92bd0a433c64');
INSERT INTO PUBLIC.CUSTOMER_BANKS (CUSTOMER_ID, BANK_ID)
VALUES ('e7586d78-2d0f-4576-a14c-6beb53f771b9', '1b77c6a0-1d17-41b9-acaf-349ce92f454a');
INSERT INTO PUBLIC.CUSTOMER_BANKS (CUSTOMER_ID, BANK_ID)
VALUES ('d51b574f-c46a-4944-a5f7-4a7563d8bf16', '1b77c6a0-1d17-41b9-acaf-349ce92f454a');
INSERT INTO PUBLIC.CUSTOMER_BANKS (CUSTOMER_ID, BANK_ID)
VALUES ('f7543515-e7a9-4b95-8256-aedb47d630bd', '3ce3da78-b82f-45f5-8357-ee1051a53a8d');
INSERT INTO PUBLIC.CUSTOMER_BANKS (CUSTOMER_ID, BANK_ID)
VALUES ('3dfa8557-869e-4dbd-bf1c-9375f24b44de', '3ce3da78-b82f-45f5-8357-ee1051a53a8d');
INSERT INTO PUBLIC.CUSTOMER_BANKS (CUSTOMER_ID, BANK_ID)
VALUES ('fc365857-a6c2-4c6e-90f6-186766a13621', '3ce3da78-b82f-45f5-8357-ee1051a53a8d');
INSERT INTO PUBLIC.CUSTOMER_BANKS (CUSTOMER_ID, BANK_ID)
VALUES ('66b686c4-56c3-4377-acc2-21d3b5795a29', '3ce3da78-b82f-45f5-8357-ee1051a53a8d');
INSERT INTO PUBLIC.CUSTOMER_BANKS (CUSTOMER_ID, BANK_ID)
VALUES ('66b686c4-56c3-4377-acc2-21d3b5795a29', '8ec59ba6-b110-4c01-bbf2-87878767131d');
INSERT INTO PUBLIC.CUSTOMER_BANKS (CUSTOMER_ID, BANK_ID)
VALUES ('fc365857-a6c2-4c6e-90f6-186766a13621', 'a2e5d288-9da8-4ea1-92a8-077dbcfbb752');
INSERT INTO PUBLIC.CUSTOMER_BANKS (CUSTOMER_ID, BANK_ID)
VALUES ('e7586d78-2d0f-4576-a14c-6beb53f771b9', 'a2e5d288-9da8-4ea1-92a8-077dbcfbb752');
INSERT INTO PUBLIC.CUSTOMER_BANKS (CUSTOMER_ID, BANK_ID)
VALUES ('66b686c4-56c3-4377-acc2-21d3b5795a29', 'a2e5d288-9da8-4ea1-92a8-077dbcfbb752');
INSERT INTO PUBLIC.CUSTOMER_BANKS (CUSTOMER_ID, BANK_ID)
VALUES ('e7586d78-2d0f-4576-a14c-6beb53f771b9', 'a41d544f-b184-4eab-904d-810e7ac37173');


/**оформленные кредиты*/
INSERT INTO PUBLIC.CREDITOFFERS (ID, CREDIT_AMOUNT, BANK_ID, CREDIT_ID, CUSTOMER_ID)
VALUES ('0fa1d9cd-e0d0-4b15-a1d7-1c2abf8e237f', 890000, '2dd9e36c-5d45-41c3-9521-7cd8cea46135',
        '1fea4378-b006-4826-9e0b-82e4afa75d5c', 'd51b574f-c46a-4944-a5f7-4a7563d8bf16');
INSERT INTO PUBLIC.CREDITOFFERS (ID, CREDIT_AMOUNT, BANK_ID, CREDIT_ID, CUSTOMER_ID)
VALUES ('16ba23fe-058c-4a57-9ccc-60b05e4cb7b0', 1250000, 'd5c6996f-8249-49f5-b1a4-977246a7aa44',
        'a5e51797-0f05-4a0f-ab38-ff422f1e49b8', 'e7586d78-2d0f-4576-a14c-6beb53f771b9');
INSERT INTO PUBLIC.CREDITOFFERS (ID, CREDIT_AMOUNT, BANK_ID, CREDIT_ID, CUSTOMER_ID)
VALUES ('1e46456d-083e-4015-a8ba-c21788ff98fd', 1250000, '92a18191-37f9-4e7c-98dc-44bc6b726952',
        'a5e51797-0f05-4a0f-ab38-ff422f1e49b8', 'fc365857-a6c2-4c6e-90f6-186766a13621');
INSERT INTO PUBLIC.CREDITOFFERS (ID, CREDIT_AMOUNT, BANK_ID, CREDIT_ID, CUSTOMER_ID)
VALUES ('2720e49d-7e28-4547-9489-76223994ef22', 777000, '1b77c6a0-1d17-41b9-acaf-349ce92f454a',
        '38e60e7a-f45e-4e2b-85df-6b7052ae0846', '53bd20a1-24d2-437b-8b04-3eea44db174d');
INSERT INTO PUBLIC.CREDITOFFERS (ID, CREDIT_AMOUNT, BANK_ID, CREDIT_ID, CUSTOMER_ID)
VALUES ('2b8827c1-7528-44ce-ba3b-f7bd1c842cc0', 1500000, 'a2e5d288-9da8-4ea1-92a8-077dbcfbb752',
        'd3b00ac8-a533-4a5a-89cb-c2d7b6a4a0c0', '0f54e8e0-d718-4528-b01e-09155de1432a');
INSERT INTO PUBLIC.CREDITOFFERS (ID, CREDIT_AMOUNT, BANK_ID, CREDIT_ID, CUSTOMER_ID)
VALUES ('406b633e-3041-4e0c-b47b-3dd9e8db43b3', 550000, '07dc98c8-48cc-4ef8-80c3-92bd0a433c64',
        '1f7863c6-e46b-43ab-9a93-16f8f530925c', '66b686c4-56c3-4377-acc2-21d3b5795a29');
INSERT INTO PUBLIC.CREDITOFFERS (ID, CREDIT_AMOUNT, BANK_ID, CREDIT_ID, CUSTOMER_ID)
VALUES ('46e1e0f6-e386-4edf-93a4-43eda7d9c19d', 350000, 'a41d544f-b184-4eab-904d-810e7ac37173',
        '89d36d2c-5295-48d9-ac8d-ec67cb39df4c', '6547a40c-80c8-4b30-808a-17adc399b08b');
INSERT INTO PUBLIC.CREDITOFFERS (ID, CREDIT_AMOUNT, BANK_ID, CREDIT_ID, CUSTOMER_ID)
VALUES ('4b6bdcea-d731-4291-a7f2-2c1bfba24f3c', 750000, '3ce3da78-b82f-45f5-8357-ee1051a53a8d',
        '4986fe57-e5da-4a19-991f-333a1fd28cb4', '53bd20a1-24d2-437b-8b04-3eea44db174d');
INSERT INTO PUBLIC.CREDITOFFERS (ID, CREDIT_AMOUNT, BANK_ID, CREDIT_ID, CUSTOMER_ID)
VALUES ('5011d3e3-8bec-4cdf-93c2-eb0f2c6a4ef8', 777000, '3ce3da78-b82f-45f5-8357-ee1051a53a8d',
        '38e60e7a-f45e-4e2b-85df-6b7052ae0846', '3dfa8557-869e-4dbd-bf1c-9375f24b44de');
INSERT INTO PUBLIC.CREDITOFFERS (ID, CREDIT_AMOUNT, BANK_ID, CREDIT_ID, CUSTOMER_ID)
VALUES ('51399d4a-ac7a-45a8-b4d9-821585d123c5', 670000, '1b77c6a0-1d17-41b9-acaf-349ce92f454a',
        'ca1381ae-27eb-44a6-8715-f6773768d348', '6547a40c-80c8-4b30-808a-17adc399b08b');
INSERT INTO PUBLIC.CREDITOFFERS (ID, CREDIT_AMOUNT, BANK_ID, CREDIT_ID, CUSTOMER_ID)
VALUES ('5524ad2a-1783-4698-8642-aca9060b5211', 1500000, '267b950a-b4e6-4f27-9fc1-a1fd5968ede3',
        'd3b00ac8-a533-4a5a-89cb-c2d7b6a4a0c0', '3dfa8557-869e-4dbd-bf1c-9375f24b44de');
INSERT INTO PUBLIC.CREDITOFFERS (ID, CREDIT_AMOUNT, BANK_ID, CREDIT_ID, CUSTOMER_ID)
VALUES ('58ea8549-788a-4d66-84e1-87f08ad1c150', 150000, '92a18191-37f9-4e7c-98dc-44bc6b726952',
        '5a963906-b54d-46ba-ba64-9ea18f49b79d', 'b7fab304-9c1a-487f-891e-0394b6caa645');
INSERT INTO PUBLIC.CREDITOFFERS (ID, CREDIT_AMOUNT, BANK_ID, CREDIT_ID, CUSTOMER_ID)
VALUES ('63ed4192-11e9-41b6-aca2-194044c3f5ea', 890000, 'a2e5d288-9da8-4ea1-92a8-077dbcfbb752',
        '1fea4378-b006-4826-9e0b-82e4afa75d5c', 'fc365857-a6c2-4c6e-90f6-186766a13621');
INSERT INTO PUBLIC.CREDITOFFERS (ID, CREDIT_AMOUNT, BANK_ID, CREDIT_ID, CUSTOMER_ID)
VALUES ('6663245d-66c1-4167-93f3-8453ddf27d25', 550000, '1b77c6a0-1d17-41b9-acaf-349ce92f454a',
        '1f7863c6-e46b-43ab-9a93-16f8f530925c', '0f54e8e0-d718-4528-b01e-09155de1432a');
INSERT INTO PUBLIC.CREDITOFFERS (ID, CREDIT_AMOUNT, BANK_ID, CREDIT_ID, CUSTOMER_ID)
VALUES ('6ab9dd8f-e247-4211-9c8e-8a27bc434760', 1500000, 'a41d544f-b184-4eab-904d-810e7ac37173',
        'd3b00ac8-a533-4a5a-89cb-c2d7b6a4a0c0', 'fc365857-a6c2-4c6e-90f6-186766a13621');
INSERT INTO PUBLIC.CREDITOFFERS (ID, CREDIT_AMOUNT, BANK_ID, CREDIT_ID, CUSTOMER_ID)
VALUES ('7d55181b-4dfd-4777-a367-9c548c3f3a66', 350000, '267b950a-b4e6-4f27-9fc1-a1fd5968ede3',
        '89d36d2c-5295-48d9-ac8d-ec67cb39df4c', 'b7fab304-9c1a-487f-891e-0394b6caa645');
INSERT INTO PUBLIC.CREDITOFFERS (ID, CREDIT_AMOUNT, BANK_ID, CREDIT_ID, CUSTOMER_ID)
VALUES ('a9bddc70-86ad-4c19-942d-cbe02233ec1c', 1250000, '07dc98c8-48cc-4ef8-80c3-92bd0a433c64',
        'a5e51797-0f05-4a0f-ab38-ff422f1e49b8', 'b7fab304-9c1a-487f-891e-0394b6caa645');
INSERT INTO PUBLIC.CREDITOFFERS (ID, CREDIT_AMOUNT, BANK_ID, CREDIT_ID, CUSTOMER_ID)
VALUES ('b3fa7cb4-fb65-4987-af42-db2a650b4dd6', 890000, 'a41d544f-b184-4eab-904d-810e7ac37173',
        '1fea4378-b006-4826-9e0b-82e4afa75d5c', 'b7fab304-9c1a-487f-891e-0394b6caa645');
INSERT INTO PUBLIC.CREDITOFFERS (ID, CREDIT_AMOUNT, BANK_ID, CREDIT_ID, CUSTOMER_ID)
VALUES ('b420009b-2763-4703-8148-433a0e8fe46d', 350000, '07dc98c8-48cc-4ef8-80c3-92bd0a433c64',
        '89d36d2c-5295-48d9-ac8d-ec67cb39df4c', '53bd20a1-24d2-437b-8b04-3eea44db174d');
INSERT INTO PUBLIC.CREDITOFFERS (ID, CREDIT_AMOUNT, BANK_ID, CREDIT_ID, CUSTOMER_ID)
VALUES ('cf66de81-816b-4082-813d-d405ec25a223', 350000, '267b950a-b4e6-4f27-9fc1-a1fd5968ede3',
        '89d36d2c-5295-48d9-ac8d-ec67cb39df4c', 'b7fab304-9c1a-487f-891e-0394b6caa645');
INSERT INTO PUBLIC.CREDITOFFERS (ID, CREDIT_AMOUNT, BANK_ID, CREDIT_ID, CUSTOMER_ID)
VALUES ('ef7d1bd0-5221-4ad6-98d6-bb7970368fbb', 890000, '3ce3da78-b82f-45f5-8357-ee1051a53a8d',
        '1fea4378-b006-4826-9e0b-82e4afa75d5c', 'f7543515-e7a9-4b95-8256-aedb47d630bd');

/*Платежи по кредиту*/

INSERT INTO PUBLIC.CREDIT_PAYMENTS (ID, DATE_OF_PAYMENT, PAYMENT_OF_LOAN_BODY_IN_MONTH, PAYMENT_OF_MONTH,
                                    PAYMENT_OF_PERCENT_IN_MONTH, CREDIT_OFFER_ID)
VALUES ('0693c2d7-9034-4750-8eb3-0db2ecba7c45', '2021-12-15', 413043.8125, 423981.3125, 10937.5,
        '1e46456d-083e-4015-a8ba-c21788ff98fd');
INSERT INTO PUBLIC.CREDIT_PAYMENTS (ID, DATE_OF_PAYMENT, PAYMENT_OF_LOAN_BODY_IN_MONTH, PAYMENT_OF_MONTH,
                                    PAYMENT_OF_PERCENT_IN_MONTH, CREDIT_OFFER_ID)
VALUES ('0bbeb775-73ca-47ed-a092-e074aa72ab37', '2022-02-15', 420303.6875, 423981.3125, 3677.610107421875,
        '16ba23fe-058c-4a57-9ccc-60b05e4cb7b0');
INSERT INTO PUBLIC.CREDIT_PAYMENTS (ID, DATE_OF_PAYMENT, PAYMENT_OF_LOAN_BODY_IN_MONTH, PAYMENT_OF_MONTH,
                                    PAYMENT_OF_PERCENT_IN_MONTH, CREDIT_OFFER_ID)
VALUES ('0e8b6a73-93f7-40f8-9e99-6b44632a0239', '2021-12-15', 115604.2421875, 118812.6953125, 3208.449951171875,
        '7d55181b-4dfd-4777-a367-9c548c3f3a66');
INSERT INTO PUBLIC.CREDIT_PAYMENTS (ID, DATE_OF_PAYMENT, PAYMENT_OF_LOAN_BODY_IN_MONTH, PAYMENT_OF_MONTH,
                                    PAYMENT_OF_PERCENT_IN_MONTH, CREDIT_OFFER_ID)
VALUES ('14e3c31f-b6ad-4957-9290-da305dd72a8a', '2022-02-15', 503945.0625, 507934.875, 3989.802978515625,
        '6ab9dd8f-e247-4211-9c8e-8a27bc434760');
INSERT INTO PUBLIC.CREDIT_PAYMENTS (ID, DATE_OF_PAYMENT, PAYMENT_OF_LOAN_BODY_IN_MONTH, PAYMENT_OF_MONTH,
                                    PAYMENT_OF_PERCENT_IN_MONTH, CREDIT_OFFER_ID)
VALUES ('163413ef-bb5d-4bb5-965e-c047dde91ed6', '2021-12-15', 256641.421875, 263764.1875, 7122.7587890625,
        '5011d3e3-8bec-4cdf-93c2-eb0f2c6a4ef8');
INSERT INTO PUBLIC.CREDIT_PAYMENTS (ID, DATE_OF_PAYMENT, PAYMENT_OF_LOAN_BODY_IN_MONTH, PAYMENT_OF_MONTH,
                                    PAYMENT_OF_PERCENT_IN_MONTH, CREDIT_OFFER_ID)
VALUES ('16365f39-6caf-4c20-b17e-b9b24370a3ea', '2021-12-15', 256641.421875, 263764.1875, 7122.7587890625,
        '2720e49d-7e28-4547-9489-76223994ef22');
INSERT INTO PUBLIC.CREDIT_PAYMENTS (ID, DATE_OF_PAYMENT, PAYMENT_OF_LOAN_BODY_IN_MONTH, PAYMENT_OF_MONTH,
                                    PAYMENT_OF_PERCENT_IN_MONTH, CREDIT_OFFER_ID)
VALUES ('1b14c22d-f2eb-49ae-8436-ead818bf7700', '2022-02-15', 117733.4453125, 118812.6953125, 1079.2469482421875,
        'b420009b-2763-4703-8148-433a0e8fe46d');
INSERT INTO PUBLIC.CREDIT_PAYMENTS (ID, DATE_OF_PAYMENT, PAYMENT_OF_LOAN_BODY_IN_MONTH, PAYMENT_OF_MONTH,
                                    PAYMENT_OF_PERCENT_IN_MONTH, CREDIT_OFFER_ID)
VALUES ('1d2157b1-e070-43b3-936d-47cc35f78969', '2022-02-15', 503945.0625, 507934.875, 3989.802978515625,
        '2b8827c1-7528-44ce-ba3b-f7bd1c842cc0');
INSERT INTO PUBLIC.CREDIT_PAYMENTS (ID, DATE_OF_PAYMENT, PAYMENT_OF_LOAN_BODY_IN_MONTH, PAYMENT_OF_MONTH,
                                    PAYMENT_OF_PERCENT_IN_MONTH, CREDIT_OFFER_ID)
VALUES ('22a2d768-d124-4cbc-8913-e4ce4beaab19', '2021-12-15', 496059.375, 507934.875, 11875.5,
        '5524ad2a-1783-4698-8642-aca9060b5211');
INSERT INTO PUBLIC.CREDIT_PAYMENTS (ID, DATE_OF_PAYMENT, PAYMENT_OF_LOAN_BODY_IN_MONTH, PAYMENT_OF_MONTH,
                                    PAYMENT_OF_PERCENT_IN_MONTH, CREDIT_OFFER_ID)
VALUES ('291f63be-49b2-49a6-9f4a-db32f0a97436', '2022-02-15', 185160.71875, 187012.328125, 1851.60205078125,
        '406b633e-3041-4e0c-b47b-3dd9e8db43b3');
INSERT INTO PUBLIC.CREDIT_PAYMENTS (ID, DATE_OF_PAYMENT, PAYMENT_OF_LOAN_BODY_IN_MONTH, PAYMENT_OF_MONTH,
                                    PAYMENT_OF_PERCENT_IN_MONTH, CREDIT_OFFER_ID)
VALUES ('2e48ec89-d6c0-42cc-8e52-bbe90c334459', '2022-02-15', 420303.6875, 423981.3125, 3677.610107421875,
        'a9bddc70-86ad-4c19-942d-cbe02233ec1c');
INSERT INTO PUBLIC.CREDIT_PAYMENTS (ID, DATE_OF_PAYMENT, PAYMENT_OF_LOAN_BODY_IN_MONTH, PAYMENT_OF_MONTH,
                                    PAYMENT_OF_PERCENT_IN_MONTH, CREDIT_OFFER_ID)
VALUES ('38760b55-5538-40cd-a322-9b97f42b13b7', '2021-12-15', 293965.09375, 302123.71875, 8158.6298828125,
        'b3fa7cb4-fb65-4987-af42-db2a650b4dd6');
INSERT INTO PUBLIC.CREDIT_PAYMENTS (ID, DATE_OF_PAYMENT, PAYMENT_OF_LOAN_BODY_IN_MONTH, PAYMENT_OF_MONTH,
                                    PAYMENT_OF_PERCENT_IN_MONTH, CREDIT_OFFER_ID)
VALUES ('431da85b-77c9-4a8c-8a9b-541cc7350497', '2022-02-15', 261368.265625, 263764.1875, 2395.927978515625,
        '2720e49d-7e28-4547-9489-76223994ef22');
INSERT INTO PUBLIC.CREDIT_PAYMENTS (ID, DATE_OF_PAYMENT, PAYMENT_OF_LOAN_BODY_IN_MONTH, PAYMENT_OF_MONTH,
                                    PAYMENT_OF_PERCENT_IN_MONTH, CREDIT_OFFER_ID)
VALUES ('4b2621b9-c1b2-4909-b28a-670260d141be', '2021-12-15', 413043.8125, 423981.3125, 10937.5,
        '16ba23fe-058c-4a57-9ccc-60b05e4cb7b0');
INSERT INTO PUBLIC.CREDIT_PAYMENTS (ID, DATE_OF_PAYMENT, PAYMENT_OF_LOAN_BODY_IN_MONTH, PAYMENT_OF_MONTH,
                                    PAYMENT_OF_PERCENT_IN_MONTH, CREDIT_OFFER_ID)
VALUES ('4b6a67a8-abad-4ad4-a50c-1da1affdf144', '2022-01-15', 258994.0625, 263764.1875, 4770.126953125,
        '5011d3e3-8bec-4cdf-93c2-eb0f2c6a4ef8');
INSERT INTO PUBLIC.CREDIT_PAYMENTS (ID, DATE_OF_PAYMENT, PAYMENT_OF_LOAN_BODY_IN_MONTH, PAYMENT_OF_MONTH,
                                    PAYMENT_OF_PERCENT_IN_MONTH, CREDIT_OFFER_ID)
VALUES ('50251c4e-5417-4f30-8ffb-23a23c5ad994', '2022-01-15', 116663.9921875, 118812.6953125, 2148.7060546875,
        '46e1e0f6-e386-4edf-93a4-43eda7d9c19d');
INSERT INTO PUBLIC.CREDIT_PAYMENTS (ID, DATE_OF_PAYMENT, PAYMENT_OF_LOAN_BODY_IN_MONTH, PAYMENT_OF_MONTH,
                                    PAYMENT_OF_PERCENT_IN_MONTH, CREDIT_OFFER_ID)
VALUES ('5284ec7a-9ed5-4adc-bbb7-36354437d4b6', '2022-01-15', 258994.0625, 263764.1875, 4770.126953125,
        '2720e49d-7e28-4547-9489-76223994ef22');
INSERT INTO PUBLIC.CREDIT_PAYMENTS (ID, DATE_OF_PAYMENT, PAYMENT_OF_LOAN_BODY_IN_MONTH, PAYMENT_OF_MONTH,
                                    PAYMENT_OF_PERCENT_IN_MONTH, CREDIT_OFFER_ID)
VALUES ('67376fd9-b1a8-4817-9caf-583e6f87ff92', '2022-01-15', 296659.875, 302123.71875, 5463.85205078125,
        '0fa1d9cd-e0d0-4b15-a1d7-1c2abf8e237f');
INSERT INTO PUBLIC.CREDIT_PAYMENTS (ID, DATE_OF_PAYMENT, PAYMENT_OF_LOAN_BODY_IN_MONTH, PAYMENT_OF_MONTH,
                                    PAYMENT_OF_PERCENT_IN_MONTH, CREDIT_OFFER_ID)
VALUES ('6c5bc8b2-c497-4949-aa39-02b9dadf9255', '2021-12-15', 413043.8125, 423981.3125, 10937.5,
        'a9bddc70-86ad-4c19-942d-cbe02233ec1c');
INSERT INTO PUBLIC.CREDIT_PAYMENTS (ID, DATE_OF_PAYMENT, PAYMENT_OF_LOAN_BODY_IN_MONTH, PAYMENT_OF_MONTH,
                                    PAYMENT_OF_PERCENT_IN_MONTH, CREDIT_OFFER_ID)
VALUES ('6d58790f-aa5c-4321-a9ba-4c69f00d404a', '2022-01-15', 116663.9921875, 118812.6953125, 2148.7060546875,
        'b420009b-2763-4703-8148-433a0e8fe46d');
INSERT INTO PUBLIC.CREDIT_PAYMENTS (ID, DATE_OF_PAYMENT, PAYMENT_OF_LOAN_BODY_IN_MONTH, PAYMENT_OF_MONTH,
                                    PAYMENT_OF_PERCENT_IN_MONTH, CREDIT_OFFER_ID)
VALUES ('72d9aa5b-c695-4395-8e5d-854a440acbbf', '2022-01-15', 296659.875, 302123.71875, 5463.85205078125,
        'b3fa7cb4-fb65-4987-af42-db2a650b4dd6');
INSERT INTO PUBLIC.CREDIT_PAYMENTS (ID, DATE_OF_PAYMENT, PAYMENT_OF_LOAN_BODY_IN_MONTH, PAYMENT_OF_MONTH,
                                    PAYMENT_OF_PERCENT_IN_MONTH, CREDIT_OFFER_ID)
VALUES ('752f7446-d0cd-414d-8bac-cd7f407682f2', '2022-01-15', 116663.9921875, 118812.6953125, 2148.7060546875,
        '7d55181b-4dfd-4777-a367-9c548c3f3a66');
INSERT INTO PUBLIC.CREDIT_PAYMENTS (ID, DATE_OF_PAYMENT, PAYMENT_OF_LOAN_BODY_IN_MONTH, PAYMENT_OF_MONTH,
                                    PAYMENT_OF_PERCENT_IN_MONTH, CREDIT_OFFER_ID)
VALUES ('7bbdf1fa-1da0-4ce6-b28c-bba66917bcbb', '2022-02-15', 299379.34375, 302123.71875, 2744.37109375,
        '0fa1d9cd-e0d0-4b15-a1d7-1c2abf8e237f');
INSERT INTO PUBLIC.CREDIT_PAYMENTS (ID, DATE_OF_PAYMENT, PAYMENT_OF_LOAN_BODY_IN_MONTH, PAYMENT_OF_MONTH,
                                    PAYMENT_OF_PERCENT_IN_MONTH, CREDIT_OFFER_ID)
VALUES ('7c3af182-7994-4421-8dc1-23e69a4e1e99', '2022-02-15', 420303.6875, 423981.3125, 3677.610107421875,
        '1e46456d-083e-4015-a8ba-c21788ff98fd');
INSERT INTO PUBLIC.CREDIT_PAYMENTS (ID, DATE_OF_PAYMENT, PAYMENT_OF_LOAN_BODY_IN_MONTH, PAYMENT_OF_MONTH,
                                    PAYMENT_OF_PERCENT_IN_MONTH, CREDIT_OFFER_ID)
VALUES ('80e3236e-ae4e-4c70-8ca3-b7abec15a113', '2022-02-15', 299379.34375, 302123.71875, 2744.37109375,
        'ef7d1bd0-5221-4ad6-98d6-bb7970368fbb');
INSERT INTO PUBLIC.CREDIT_PAYMENTS (ID, DATE_OF_PAYMENT, PAYMENT_OF_LOAN_BODY_IN_MONTH, PAYMENT_OF_MONTH,
                                    PAYMENT_OF_PERCENT_IN_MONTH, CREDIT_OFFER_ID)
VALUES ('884c8f34-97b7-4538-b594-b547abf334e2', '2022-01-15', 116663.9921875, 118812.6953125, 2148.7060546875,
        'cf66de81-816b-4082-813d-d405ec25a223');
INSERT INTO PUBLIC.CREDIT_PAYMENTS (ID, DATE_OF_PAYMENT, PAYMENT_OF_LOAN_BODY_IN_MONTH, PAYMENT_OF_MONTH,
                                    PAYMENT_OF_PERCENT_IN_MONTH, CREDIT_OFFER_ID)
VALUES ('8b24be18-48f0-4cb7-9aef-ae0ff8458f3f', '2022-01-15', 249991.984375, 255016.8125, 5024.83203125,
        '4b6bdcea-d731-4291-a7f2-2c1bfba24f3c');
INSERT INTO PUBLIC.CREDIT_PAYMENTS (ID, DATE_OF_PAYMENT, PAYMENT_OF_LOAN_BODY_IN_MONTH, PAYMENT_OF_MONTH,
                                    PAYMENT_OF_PERCENT_IN_MONTH, CREDIT_OFFER_ID)
VALUES ('8da3f8c8-e219-42cd-b0c2-9bee674bda9a', '2021-12-15', 293965.09375, 302123.71875, 8158.6298828125,
        '63ed4192-11e9-41b6-aca2-194044c3f5ea');
INSERT INTO PUBLIC.CREDIT_PAYMENTS (ID, DATE_OF_PAYMENT, PAYMENT_OF_LOAN_BODY_IN_MONTH, PAYMENT_OF_MONTH,
                                    PAYMENT_OF_PERCENT_IN_MONTH, CREDIT_OFFER_ID)
VALUES ('94a34fbb-a9e8-44d8-9418-8a2a733ead44', '2022-01-15', 416657.9375, 423981.3125, 7323.3671875,
        '16ba23fe-058c-4a57-9ccc-60b05e4cb7b0');
INSERT INTO PUBLIC.CREDIT_PAYMENTS (ID, DATE_OF_PAYMENT, PAYMENT_OF_LOAN_BODY_IN_MONTH, PAYMENT_OF_MONTH,
                                    PAYMENT_OF_PERCENT_IN_MONTH, CREDIT_OFFER_ID)
VALUES ('97237953-f849-44d6-96c6-95537c168cc3', '2022-01-15', 499986.6875, 507934.875, 7948.1982421875,
        '2b8827c1-7528-44ce-ba3b-f7bd1c842cc0');
INSERT INTO PUBLIC.CREDIT_PAYMENTS (ID, DATE_OF_PAYMENT, PAYMENT_OF_LOAN_BODY_IN_MONTH, PAYMENT_OF_MONTH,
                                    PAYMENT_OF_PERCENT_IN_MONTH, CREDIT_OFFER_ID)
VALUES ('981d21f3-260a-4aae-8006-9f67a8fad48a', '2022-01-15', 223327.59375, 226690.109375, 3362.510986328125,
        '51399d4a-ac7a-45a8-b4d9-821585d123c5');
INSERT INTO PUBLIC.CREDIT_PAYMENTS (ID, DATE_OF_PAYMENT, PAYMENT_OF_LOAN_BODY_IN_MONTH, PAYMENT_OF_MONTH,
                                    PAYMENT_OF_PERCENT_IN_MONTH, CREDIT_OFFER_ID)
VALUES ('9969d7c3-6ecf-484c-8655-1a2549aba90d', '2022-02-15', 252491.90625, 255016.8125, 2524.912109375,
        '4b6bdcea-d731-4291-a7f2-2c1bfba24f3c');
INSERT INTO PUBLIC.CREDIT_PAYMENTS (ID, DATE_OF_PAYMENT, PAYMENT_OF_LOAN_BODY_IN_MONTH, PAYMENT_OF_MONTH,
                                    PAYMENT_OF_PERCENT_IN_MONTH, CREDIT_OFFER_ID)
VALUES ('9a1fc166-69bb-48e7-b926-a6fd01457034', '2022-01-15', 416657.9375, 423981.3125, 7323.3671875,
        '1e46456d-083e-4015-a8ba-c21788ff98fd');
INSERT INTO PUBLIC.CREDIT_PAYMENTS (ID, DATE_OF_PAYMENT, PAYMENT_OF_LOAN_BODY_IN_MONTH, PAYMENT_OF_MONTH,
                                    PAYMENT_OF_PERCENT_IN_MONTH, CREDIT_OFFER_ID)
VALUES ('9a8fbfe2-4af3-44a7-9aa2-6e0026312abc', '2021-12-15', 496059.375, 507934.875, 11875.5,
        '6ab9dd8f-e247-4211-9c8e-8a27bc434760');
INSERT INTO PUBLIC.CREDIT_PAYMENTS (ID, DATE_OF_PAYMENT, PAYMENT_OF_LOAN_BODY_IN_MONTH, PAYMENT_OF_MONTH,
                                    PAYMENT_OF_PERCENT_IN_MONTH, CREDIT_OFFER_ID)
VALUES ('9c61630b-eddc-4cb5-b8a1-f7cd0536e6e1', '2022-01-15', 49998.3984375, 51003.36328125, 1004.9660034179688,
        '58ea8549-788a-4d66-84e1-87f08ad1c150');
INSERT INTO PUBLIC.CREDIT_PAYMENTS (ID, DATE_OF_PAYMENT, PAYMENT_OF_LOAN_BODY_IN_MONTH, PAYMENT_OF_MONTH,
                                    PAYMENT_OF_PERCENT_IN_MONTH, CREDIT_OFFER_ID)
VALUES ('9f988228-c845-4679-9238-822876128c21', '2022-02-15', 225002.546875, 226690.109375, 1687.5550537109375,
        '51399d4a-ac7a-45a8-b4d9-821585d123c5');
INSERT INTO PUBLIC.CREDIT_PAYMENTS (ID, DATE_OF_PAYMENT, PAYMENT_OF_LOAN_BODY_IN_MONTH, PAYMENT_OF_MONTH,
                                    PAYMENT_OF_PERCENT_IN_MONTH, CREDIT_OFFER_ID)
VALUES ('a1886278-a1e3-4b08-82fa-787b2b8b2cb4', '2022-02-15', 503945.0625, 507934.875, 3989.802978515625,
        '5524ad2a-1783-4698-8642-aca9060b5211');
INSERT INTO PUBLIC.CREDIT_PAYMENTS (ID, DATE_OF_PAYMENT, PAYMENT_OF_LOAN_BODY_IN_MONTH, PAYMENT_OF_MONTH,
                                    PAYMENT_OF_PERCENT_IN_MONTH, CREDIT_OFFER_ID)
VALUES ('a497ec86-3765-411e-a6a2-ac68cf68355c', '2022-02-15', 261368.265625, 263764.1875, 2395.927978515625,
        '5011d3e3-8bec-4cdf-93c2-eb0f2c6a4ef8');
INSERT INTO PUBLIC.CREDIT_PAYMENTS (ID, DATE_OF_PAYMENT, PAYMENT_OF_LOAN_BODY_IN_MONTH, PAYMENT_OF_MONTH,
                                    PAYMENT_OF_PERCENT_IN_MONTH, CREDIT_OFFER_ID)
VALUES ('a4cd6f33-8f20-4b75-841a-82d3e55f8ef2', '2021-12-15', 115604.2421875, 118812.6953125, 3208.449951171875,
        'b420009b-2763-4703-8148-433a0e8fe46d');
INSERT INTO PUBLIC.CREDIT_PAYMENTS (ID, DATE_OF_PAYMENT, PAYMENT_OF_LOAN_BODY_IN_MONTH, PAYMENT_OF_MONTH,
                                    PAYMENT_OF_PERCENT_IN_MONTH, CREDIT_OFFER_ID)
VALUES ('a6931858-3802-440e-aa3e-52c8bd3c46ea', '2022-02-15', 185160.71875, 187012.328125, 1851.60205078125,
        '6663245d-66c1-4167-93f3-8453ddf27d25');
INSERT INTO PUBLIC.CREDIT_PAYMENTS (ID, DATE_OF_PAYMENT, PAYMENT_OF_LOAN_BODY_IN_MONTH, PAYMENT_OF_MONTH,
                                    PAYMENT_OF_PERCENT_IN_MONTH, CREDIT_OFFER_ID)
VALUES ('a79e232f-84dc-44a0-bae5-6abbb0091bf3', '2022-01-15', 499986.6875, 507934.875, 7948.1982421875,
        '5524ad2a-1783-4698-8642-aca9060b5211');
INSERT INTO PUBLIC.CREDIT_PAYMENTS (ID, DATE_OF_PAYMENT, PAYMENT_OF_LOAN_BODY_IN_MONTH, PAYMENT_OF_MONTH,
                                    PAYMENT_OF_PERCENT_IN_MONTH, CREDIT_OFFER_ID)
VALUES ('ae5b945c-3804-4803-8463-e67592f92c1c', '2021-12-15', 115604.2421875, 118812.6953125, 3208.449951171875,
        '46e1e0f6-e386-4edf-93a4-43eda7d9c19d');
INSERT INTO PUBLIC.CREDIT_PAYMENTS (ID, DATE_OF_PAYMENT, PAYMENT_OF_LOAN_BODY_IN_MONTH, PAYMENT_OF_MONTH,
                                    PAYMENT_OF_PERCENT_IN_MONTH, CREDIT_OFFER_ID)
VALUES ('bce59d7e-16ab-451a-bb3b-8fd2dae458f4', '2022-01-15', 183327.453125, 187012.328125, 3684.876953125,
        '406b633e-3041-4e0c-b47b-3dd9e8db43b3');
INSERT INTO PUBLIC.CREDIT_PAYMENTS (ID, DATE_OF_PAYMENT, PAYMENT_OF_LOAN_BODY_IN_MONTH, PAYMENT_OF_MONTH,
                                    PAYMENT_OF_PERCENT_IN_MONTH, CREDIT_OFFER_ID)
VALUES ('be13a15b-15f5-4ad4-abc6-8b943dfe218e', '2021-12-15', 293965.09375, 302123.71875, 8158.6298828125,
        'ef7d1bd0-5221-4ad6-98d6-bb7970368fbb');
INSERT INTO PUBLIC.CREDIT_PAYMENTS (ID, DATE_OF_PAYMENT, PAYMENT_OF_LOAN_BODY_IN_MONTH, PAYMENT_OF_MONTH,
                                    PAYMENT_OF_PERCENT_IN_MONTH, CREDIT_OFFER_ID)
VALUES ('c209caef-e340-4b88-9d57-bdd7cc45a22b', '2022-02-15', 117733.4453125, 118812.6953125, 1079.2469482421875,
        '46e1e0f6-e386-4edf-93a4-43eda7d9c19d');
INSERT INTO PUBLIC.CREDIT_PAYMENTS (ID, DATE_OF_PAYMENT, PAYMENT_OF_LOAN_BODY_IN_MONTH, PAYMENT_OF_MONTH,
                                    PAYMENT_OF_PERCENT_IN_MONTH, CREDIT_OFFER_ID)
VALUES ('c73f26e2-4cb4-4303-a79e-21f41beb07f8', '2022-01-15', 296659.875, 302123.71875, 5463.85205078125,
        'ef7d1bd0-5221-4ad6-98d6-bb7970368fbb');
INSERT INTO PUBLIC.CREDIT_PAYMENTS (ID, DATE_OF_PAYMENT, PAYMENT_OF_LOAN_BODY_IN_MONTH, PAYMENT_OF_MONTH,
                                    PAYMENT_OF_PERCENT_IN_MONTH, CREDIT_OFFER_ID)
VALUES ('cc3b0346-b920-4aa7-9876-860a079ef6c4', '2022-01-15', 296659.875, 302123.71875, 5463.85205078125,
        '63ed4192-11e9-41b6-aca2-194044c3f5ea');
INSERT INTO PUBLIC.CREDIT_PAYMENTS (ID, DATE_OF_PAYMENT, PAYMENT_OF_LOAN_BODY_IN_MONTH, PAYMENT_OF_MONTH,
                                    PAYMENT_OF_PERCENT_IN_MONTH, CREDIT_OFFER_ID)
VALUES ('cddcca60-77a6-410b-810b-951980f189c1', '2021-12-15', 293965.09375, 302123.71875, 8158.6298828125,
        '0fa1d9cd-e0d0-4b15-a1d7-1c2abf8e237f');
INSERT INTO PUBLIC.CREDIT_PAYMENTS (ID, DATE_OF_PAYMENT, PAYMENT_OF_LOAN_BODY_IN_MONTH, PAYMENT_OF_MONTH,
                                    PAYMENT_OF_PERCENT_IN_MONTH, CREDIT_OFFER_ID)
VALUES ('cfe82b75-24f9-4e79-8dcd-681eddd96541', '2022-01-15', 416657.9375, 423981.3125, 7323.3671875,
        'a9bddc70-86ad-4c19-942d-cbe02233ec1c');
INSERT INTO PUBLIC.CREDIT_PAYMENTS (ID, DATE_OF_PAYMENT, PAYMENT_OF_LOAN_BODY_IN_MONTH, PAYMENT_OF_MONTH,
                                    PAYMENT_OF_PERCENT_IN_MONTH, CREDIT_OFFER_ID)
VALUES ('d1a73ef9-d2ec-4d6d-8536-0999bea3f36f', '2021-12-15', 181512.328125, 187012.328125, 5500,
        '6663245d-66c1-4167-93f3-8453ddf27d25');
INSERT INTO PUBLIC.CREDIT_PAYMENTS (ID, DATE_OF_PAYMENT, PAYMENT_OF_LOAN_BODY_IN_MONTH, PAYMENT_OF_MONTH,
                                    PAYMENT_OF_PERCENT_IN_MONTH, CREDIT_OFFER_ID)
VALUES ('d28b517c-43d7-46db-960e-ea88c8d2df20', '2022-01-15', 183327.453125, 187012.328125, 3684.876953125,
        '6663245d-66c1-4167-93f3-8453ddf27d25');
INSERT INTO PUBLIC.CREDIT_PAYMENTS (ID, DATE_OF_PAYMENT, PAYMENT_OF_LOAN_BODY_IN_MONTH, PAYMENT_OF_MONTH,
                                    PAYMENT_OF_PERCENT_IN_MONTH, CREDIT_OFFER_ID)
VALUES ('d4f7629c-4795-4d27-ab5b-b01be4b6ddda', '2021-12-15', 221665.109375, 226690.109375, 5025,
        '51399d4a-ac7a-45a8-b4d9-821585d123c5');
INSERT INTO PUBLIC.CREDIT_PAYMENTS (ID, DATE_OF_PAYMENT, PAYMENT_OF_LOAN_BODY_IN_MONTH, PAYMENT_OF_MONTH,
                                    PAYMENT_OF_PERCENT_IN_MONTH, CREDIT_OFFER_ID)
VALUES ('dce66ac5-00b6-473a-943f-3a0c4a264c3c', '2021-12-15', 247516.8125, 255016.8125, 7500,
        '4b6bdcea-d731-4291-a7f2-2c1bfba24f3c');
INSERT INTO PUBLIC.CREDIT_PAYMENTS (ID, DATE_OF_PAYMENT, PAYMENT_OF_LOAN_BODY_IN_MONTH, PAYMENT_OF_MONTH,
                                    PAYMENT_OF_PERCENT_IN_MONTH, CREDIT_OFFER_ID)
VALUES ('de05ad93-2a93-4107-a0ef-666fca8f55b3', '2022-02-15', 299379.34375, 302123.71875, 2744.37109375,
        '63ed4192-11e9-41b6-aca2-194044c3f5ea');
INSERT INTO PUBLIC.CREDIT_PAYMENTS (ID, DATE_OF_PAYMENT, PAYMENT_OF_LOAN_BODY_IN_MONTH, PAYMENT_OF_MONTH,
                                    PAYMENT_OF_PERCENT_IN_MONTH, CREDIT_OFFER_ID)
VALUES ('de99f6b9-ab06-46dd-9ad2-11d7ca0a68ae', '2021-12-15', 181512.328125, 187012.328125, 5500,
        '406b633e-3041-4e0c-b47b-3dd9e8db43b3');
INSERT INTO PUBLIC.CREDIT_PAYMENTS (ID, DATE_OF_PAYMENT, PAYMENT_OF_LOAN_BODY_IN_MONTH, PAYMENT_OF_MONTH,
                                    PAYMENT_OF_PERCENT_IN_MONTH, CREDIT_OFFER_ID)
VALUES ('dfb52c9b-7114-4956-a38c-ea704de02f53', '2021-12-15', 115604.2421875, 118812.6953125, 3208.449951171875,
        'cf66de81-816b-4082-813d-d405ec25a223');
INSERT INTO PUBLIC.CREDIT_PAYMENTS (ID, DATE_OF_PAYMENT, PAYMENT_OF_LOAN_BODY_IN_MONTH, PAYMENT_OF_MONTH,
                                    PAYMENT_OF_PERCENT_IN_MONTH, CREDIT_OFFER_ID)
VALUES ('ea761068-e55f-496d-8777-79745f3147a3', '2022-02-15', 50498.3828125, 51003.36328125, 504.98199462890625,
        '58ea8549-788a-4d66-84e1-87f08ad1c150');
INSERT INTO PUBLIC.CREDIT_PAYMENTS (ID, DATE_OF_PAYMENT, PAYMENT_OF_LOAN_BODY_IN_MONTH, PAYMENT_OF_MONTH,
                                    PAYMENT_OF_PERCENT_IN_MONTH, CREDIT_OFFER_ID)
VALUES ('eaecfa27-6ec9-4fec-9bf6-cb6edbc5440b', '2022-01-15', 499986.6875, 507934.875, 7948.1982421875,
        '6ab9dd8f-e247-4211-9c8e-8a27bc434760');
INSERT INTO PUBLIC.CREDIT_PAYMENTS (ID, DATE_OF_PAYMENT, PAYMENT_OF_LOAN_BODY_IN_MONTH, PAYMENT_OF_MONTH,
                                    PAYMENT_OF_PERCENT_IN_MONTH, CREDIT_OFFER_ID)
VALUES ('ed460bbf-a156-4567-91bb-810e13842b33', '2021-12-15', 496059.375, 507934.875, 11875.5,
        '2b8827c1-7528-44ce-ba3b-f7bd1c842cc0');
INSERT INTO PUBLIC.CREDIT_PAYMENTS (ID, DATE_OF_PAYMENT, PAYMENT_OF_LOAN_BODY_IN_MONTH, PAYMENT_OF_MONTH,
                                    PAYMENT_OF_PERCENT_IN_MONTH, CREDIT_OFFER_ID)
VALUES ('f027a826-08ce-48d3-9c55-54d3f432c5c9', '2022-02-15', 117733.4453125, 118812.6953125, 1079.2469482421875,
        'cf66de81-816b-4082-813d-d405ec25a223');
INSERT INTO PUBLIC.CREDIT_PAYMENTS (ID, DATE_OF_PAYMENT, PAYMENT_OF_LOAN_BODY_IN_MONTH, PAYMENT_OF_MONTH,
                                    PAYMENT_OF_PERCENT_IN_MONTH, CREDIT_OFFER_ID)
VALUES ('f6ec87bf-a850-4d94-8c87-972688998432', '2022-02-15', 299379.34375, 302123.71875, 2744.37109375,
        'b3fa7cb4-fb65-4987-af42-db2a650b4dd6');
INSERT INTO PUBLIC.CREDIT_PAYMENTS (ID, DATE_OF_PAYMENT, PAYMENT_OF_LOAN_BODY_IN_MONTH, PAYMENT_OF_MONTH,
                                    PAYMENT_OF_PERCENT_IN_MONTH, CREDIT_OFFER_ID)
VALUES ('fb20a231-dfb3-495d-906d-a4a79ee6a967', '2021-12-15', 49503.36328125, 51003.36328125, 1500,
        '58ea8549-788a-4d66-84e1-87f08ad1c150');
INSERT INTO PUBLIC.CREDIT_PAYMENTS (ID, DATE_OF_PAYMENT, PAYMENT_OF_LOAN_BODY_IN_MONTH, PAYMENT_OF_MONTH,
                                    PAYMENT_OF_PERCENT_IN_MONTH, CREDIT_OFFER_ID)
VALUES ('ff812522-2bbc-408e-9feb-c2a58b598cfd', '2022-02-15', 117733.4453125, 118812.6953125, 1079.2469482421875,
        '7d55181b-4dfd-4777-a367-9c548c3f3a66');