/*drop table banks;
drop table customers;
drop table credit_banks;
drop table customer_banks;
delete from customers;*/

CREATE TABLE banks
(
    id           UUID PRIMARY KEY not null,
    name_of_bank varchar(255) DEFAULT NULL
);

create table creditoffers
(
    id            UUID PRIMARY KEY not null,
    credit_amount double           not null,
    bank_id       UUID default null,
    credit_id     UUID default null,
    customer_id   UUID default null
);

CREATE TABLE customers
(
    id              UUID PRIMARY KEY not null,
    email           varchar(255) DEFAULT NULL,
    name            varchar(255) DEFAULT NULL,
    passport_number varchar(255) DEFAULT NULL,
    patronymic      varchar(255) DEFAULT NULL,
    phone_number    varchar(255) DEFAULT NULL,
    surname         varchar(255) DEFAULT NULL
);

create table credits
(
    id            UUID PRIMARY KEY not null,
    credit_limit  int              not null,
    interest_rate float            not null
);

create table credit_banks
(
    credit_id UUID PRIMARY KEY not null,
    bank_id   UUID not null
);

create table credit_payments
(
    id                            UUID PRIMARY KEY not null,
    date_of_payment               date default null,
    payment_of_loan_body_in_month float            not null,
    payment_of_month              float            not null,
    payment_of_percent_in_month   float            not null,
    co_cp_id                      UUID default null
);

create table customer_banks
(
    customer_id UUID PRIMARY KEY not null,
    bank_id     UUID not null
);

alter table creditoffers
    add constraint co_id__customer_id foreign key (customer_id) references customers (id);
alter table creditoffers
    add constraint co_id__bank_id foreign key (bank_id) references banks (id);
alter table creditoffers
    add constraint co_id__credit_id foreign key (credit_id) references credits (id);


alter table credit_banks
    add constraint cb_id__bank_id foreign key (bank_id) references banks (id);
alter table credit_banks
    add constraint cb_id__credit_id foreign key (credit_id) references credits (id);


alter table credit_payments
    add constraint cp_id__co_cp_id foreign key (co_cp_id) references creditoffers (id);
alter table customer_banks
    add constraint cb_id__customer_id foreign key (customer_id) references customers (id);
alter table customer_banks
    add constraint cb_id__co_id foreign key (bank_id) references creditoffers (id);


/*клиенты*/
INSERT INTO PUBLIC.CUSTOMERS (ID, EMAIL, NAME, PASSPORT_NUMBER, PATRONYMIC, PHONE_NUMBER, SURNAME) VALUES ('0f54e8e0-d718-4528-b01e-09155de1432a', 'mail@mail.com', 'Ирина', '5599886644', 'Александровна', '+79644225545', 'Михайлова');
INSERT INTO PUBLIC.CUSTOMERS (ID, EMAIL, NAME, PASSPORT_NUMBER, PATRONYMIC, PHONE_NUMBER, SURNAME) VALUES ('3dfa8557-869e-4dbd-bf1c-9375f24b44de', 'mail@mail.com', 'Михаил', '4455778866', 'Петрович', '+798711122255', 'Ивонов');
INSERT INTO PUBLIC.CUSTOMERS (ID, EMAIL, NAME, PASSPORT_NUMBER, PATRONYMIC, PHONE_NUMBER, SURNAME) VALUES ('53bd20a1-24d2-437b-8b04-3eea44db174d', 'mail@mail.com', 'Никита', '4635215487', 'Сергеевич', '+78979876558', 'Щербаков');
INSERT INTO PUBLIC.CUSTOMERS (ID, EMAIL, NAME, PASSPORT_NUMBER, PATRONYMIC, PHONE_NUMBER, SURNAME) VALUES ('6547a40c-80c8-4b30-808a-17adc399b08b', 'mail@mail.com', 'Иван', '5566554488', 'Николаевич', '+78005557575', 'Иваненков');
INSERT INTO PUBLIC.CUSTOMERS (ID, EMAIL, NAME, PASSPORT_NUMBER, PATRONYMIC, PHONE_NUMBER, SURNAME) VALUES ('66b686c4-56c3-4377-acc2-21d3b5795a29', 'mail@mail.com', 'Геннадий', '1239876452', 'Сергеевич', '+9784455221', 'Щеглов');
INSERT INTO PUBLIC.CUSTOMERS (ID, EMAIL, NAME, PASSPORT_NUMBER, PATRONYMIC, PHONE_NUMBER, SURNAME) VALUES ('b7fab304-9c1a-487f-891e-0394b6caa645', 'mail@mail.com', 'Мария', '5598774565', 'Анатольевна', '8976445566', 'Захарова');
INSERT INTO PUBLIC.CUSTOMERS (ID, EMAIL, NAME, PASSPORT_NUMBER, PATRONYMIC, PHONE_NUMBER, SURNAME) VALUES ('d51b574f-c46a-4944-a5f7-4a7563d8bf16', 'mail@mail.com', 'Александра', '8978554632', 'Сергеевич', '+7228655874', 'Приходько');
INSERT INTO PUBLIC.CUSTOMERS (ID, EMAIL, NAME, PASSPORT_NUMBER, PATRONYMIC, PHONE_NUMBER, SURNAME) VALUES ('e7586d78-2d0f-4576-a14c-6beb53f771b9', 'mail@mail.com', 'Николай', '88665544223', 'Николаевич', '+79986655554', 'Петров');
INSERT INTO PUBLIC.CUSTOMERS (ID, EMAIL, NAME, PASSPORT_NUMBER, PATRONYMIC, PHONE_NUMBER, SURNAME) VALUES ('f7543515-e7a9-4b95-8256-aedb47d630bd', 'mail@mail.com', 'Елена', '8855643254', 'Денисовна', '+7899712544', 'Бабанова');
INSERT INTO PUBLIC.CUSTOMERS (ID, EMAIL, NAME, PASSPORT_NUMBER, PATRONYMIC, PHONE_NUMBER, SURNAME) VALUES ('fc365857-a6c2-4c6e-90f6-186766a13621', 'mail@mail.com', 'Нина', '8854636322', 'Андреевна', '+79871254665', 'Хлопоткина');


/*Кредиты*/
INSERT INTO PUBLIC.CREDITS (ID, CREDIT_LIMIT, INTEREST_RATE) VALUES ('1f7863c6-e46b-43ab-9a93-16f8f530925c', 550000, 12);
INSERT INTO PUBLIC.CREDITS (ID, CREDIT_LIMIT, INTEREST_RATE) VALUES ('1fea4378-b006-4826-9e0b-82e4afa75d5c', 890000, 11);
INSERT INTO PUBLIC.CREDITS (ID, CREDIT_LIMIT, INTEREST_RATE) VALUES ('38e60e7a-f45e-4e2b-85df-6b7052ae0846', 777000, 11);
INSERT INTO PUBLIC.CREDITS (ID, CREDIT_LIMIT, INTEREST_RATE) VALUES ('4986fe57-e5da-4a19-991f-333a1fd28cb4', 750000, 12);
INSERT INTO PUBLIC.CREDITS (ID, CREDIT_LIMIT, INTEREST_RATE) VALUES ('5a963906-b54d-46ba-ba64-9ea18f49b79d', 150000, 12);
INSERT INTO PUBLIC.CREDITS (ID, CREDIT_LIMIT, INTEREST_RATE) VALUES ('89d36d2c-5295-48d9-ac8d-ec67cb39df4c', 350000, 11);
INSERT INTO PUBLIC.CREDITS (ID, CREDIT_LIMIT, INTEREST_RATE) VALUES ('a5e51797-0f05-4a0f-ab38-ff422f1e49b8', 1250000, 10.5);
INSERT INTO PUBLIC.CREDITS (ID, CREDIT_LIMIT, INTEREST_RATE) VALUES ('bb919247-0b47-401a-8c76-97845a5dae2f', 2500000, 11);
INSERT INTO PUBLIC.CREDITS (ID, CREDIT_LIMIT, INTEREST_RATE) VALUES ('ca1381ae-27eb-44a6-8715-f6773768d348', 670000, 9);
INSERT INTO PUBLIC.CREDITS (ID, CREDIT_LIMIT, INTEREST_RATE) VALUES ('d3b00ac8-a533-4a5a-89cb-c2d7b6a4a0c0', 1500000, 9.5);

/*банки*/
INSERT INTO PUBLIC.BANKS (ID, NAME_OF_BANK) VALUES ('07dc98c8-48cc-4ef8-80c3-92bd0a433c64', 'Сити');
INSERT INTO PUBLIC.BANKS (ID, NAME_OF_BANK) VALUES ('1b77c6a0-1d17-41b9-acaf-349ce92f454a', 'ВТБ');
INSERT INTO PUBLIC.BANKS (ID, NAME_OF_BANK) VALUES ('267b950a-b4e6-4f27-9fc1-a1fd5968ede3', 'Альфа-банк');
INSERT INTO PUBLIC.BANKS (ID, NAME_OF_BANK) VALUES ('2dd9e36c-5d45-41c3-9521-7cd8cea46135', 'ПочтаБанк');
INSERT INTO PUBLIC.BANKS (ID, NAME_OF_BANK) VALUES ('3ce3da78-b82f-45f5-8357-ee1051a53a8d', 'Тинькофф');
INSERT INTO PUBLIC.BANKS (ID, NAME_OF_BANK) VALUES ('8ec59ba6-b110-4c01-bbf2-87878767131d', 'Открытие');
INSERT INTO PUBLIC.BANKS (ID, NAME_OF_BANK) VALUES ('92a18191-37f9-4e7c-98dc-44bc6b726952', 'Локо');
INSERT INTO PUBLIC.BANKS (ID, NAME_OF_BANK) VALUES ('a2e5d288-9da8-4ea1-92a8-077dbcfbb752', 'ЮниКредит');
INSERT INTO PUBLIC.BANKS (ID, NAME_OF_BANK) VALUES ('a41d544f-b184-4eab-904d-810e7ac37173', 'Сбербанк');
INSERT INTO PUBLIC.BANKS (ID, NAME_OF_BANK) VALUES ('d5c6996f-8249-49f5-b1a4-977246a7aa44', 'ГазпромБанк');


/*банки - кредиты*/
INSERT INTO PUBLIC.CREDIT_BANKS (CREDIT_ID, BANK_ID) VALUES ('1f7863c6-e46b-43ab-9a93-16f8f530925c', '07dc98c8-48cc-4ef8-80c3-92bd0a433c64');
INSERT INTO PUBLIC.CREDIT_BANKS (CREDIT_ID, BANK_ID) VALUES ('1fea4378-b006-4826-9e0b-82e4afa75d5c', '07dc98c8-48cc-4ef8-80c3-92bd0a433c64');
INSERT INTO PUBLIC.CREDIT_BANKS (CREDIT_ID, BANK_ID) VALUES ('38e60e7a-f45e-4e2b-85df-6b7052ae0846', '07dc98c8-48cc-4ef8-80c3-92bd0a433c64');
INSERT INTO PUBLIC.CREDIT_BANKS (CREDIT_ID, BANK_ID) VALUES ('5a963906-b54d-46ba-ba64-9ea18f49b79d', '07dc98c8-48cc-4ef8-80c3-92bd0a433c64');
INSERT INTO PUBLIC.CREDIT_BANKS (CREDIT_ID, BANK_ID) VALUES ('89d36d2c-5295-48d9-ac8d-ec67cb39df4c', '07dc98c8-48cc-4ef8-80c3-92bd0a433c64');
INSERT INTO PUBLIC.CREDIT_BANKS (CREDIT_ID, BANK_ID) VALUES ('a5e51797-0f05-4a0f-ab38-ff422f1e49b8', '07dc98c8-48cc-4ef8-80c3-92bd0a433c64');
INSERT INTO PUBLIC.CREDIT_BANKS (CREDIT_ID, BANK_ID) VALUES ('bb919247-0b47-401a-8c76-97845a5dae2f', '07dc98c8-48cc-4ef8-80c3-92bd0a433c64');
INSERT INTO PUBLIC.CREDIT_BANKS (CREDIT_ID, BANK_ID) VALUES ('ca1381ae-27eb-44a6-8715-f6773768d348', '07dc98c8-48cc-4ef8-80c3-92bd0a433c64');
INSERT INTO PUBLIC.CREDIT_BANKS (CREDIT_ID, BANK_ID) VALUES ('1f7863c6-e46b-43ab-9a93-16f8f530925c', '1b77c6a0-1d17-41b9-acaf-349ce92f454a');
INSERT INTO PUBLIC.CREDIT_BANKS (CREDIT_ID, BANK_ID) VALUES ('38e60e7a-f45e-4e2b-85df-6b7052ae0846', '1b77c6a0-1d17-41b9-acaf-349ce92f454a');
INSERT INTO PUBLIC.CREDIT_BANKS (CREDIT_ID, BANK_ID) VALUES ('4986fe57-e5da-4a19-991f-333a1fd28cb4', '1b77c6a0-1d17-41b9-acaf-349ce92f454a');
INSERT INTO PUBLIC.CREDIT_BANKS (CREDIT_ID, BANK_ID) VALUES ('5a963906-b54d-46ba-ba64-9ea18f49b79d', '1b77c6a0-1d17-41b9-acaf-349ce92f454a');
INSERT INTO PUBLIC.CREDIT_BANKS (CREDIT_ID, BANK_ID) VALUES ('89d36d2c-5295-48d9-ac8d-ec67cb39df4c', '1b77c6a0-1d17-41b9-acaf-349ce92f454a');
INSERT INTO PUBLIC.CREDIT_BANKS (CREDIT_ID, BANK_ID) VALUES ('a5e51797-0f05-4a0f-ab38-ff422f1e49b8', '1b77c6a0-1d17-41b9-acaf-349ce92f454a');
INSERT INTO PUBLIC.CREDIT_BANKS (CREDIT_ID, BANK_ID) VALUES ('bb919247-0b47-401a-8c76-97845a5dae2f', '1b77c6a0-1d17-41b9-acaf-349ce92f454a');
INSERT INTO PUBLIC.CREDIT_BANKS (CREDIT_ID, BANK_ID) VALUES ('ca1381ae-27eb-44a6-8715-f6773768d348', '1b77c6a0-1d17-41b9-acaf-349ce92f454a');
INSERT INTO PUBLIC.CREDIT_BANKS (CREDIT_ID, BANK_ID) VALUES ('1fea4378-b006-4826-9e0b-82e4afa75d5c', '267b950a-b4e6-4f27-9fc1-a1fd5968ede3');
INSERT INTO PUBLIC.CREDIT_BANKS (CREDIT_ID, BANK_ID) VALUES ('38e60e7a-f45e-4e2b-85df-6b7052ae0846', '267b950a-b4e6-4f27-9fc1-a1fd5968ede3');
INSERT INTO PUBLIC.CREDIT_BANKS (CREDIT_ID, BANK_ID) VALUES ('4986fe57-e5da-4a19-991f-333a1fd28cb4', '267b950a-b4e6-4f27-9fc1-a1fd5968ede3');
INSERT INTO PUBLIC.CREDIT_BANKS (CREDIT_ID, BANK_ID) VALUES ('89d36d2c-5295-48d9-ac8d-ec67cb39df4c', '267b950a-b4e6-4f27-9fc1-a1fd5968ede3');
INSERT INTO PUBLIC.CREDIT_BANKS (CREDIT_ID, BANK_ID) VALUES ('a5e51797-0f05-4a0f-ab38-ff422f1e49b8', '267b950a-b4e6-4f27-9fc1-a1fd5968ede3');
INSERT INTO PUBLIC.CREDIT_BANKS (CREDIT_ID, BANK_ID) VALUES ('bb919247-0b47-401a-8c76-97845a5dae2f', '267b950a-b4e6-4f27-9fc1-a1fd5968ede3');
INSERT INTO PUBLIC.CREDIT_BANKS (CREDIT_ID, BANK_ID) VALUES ('d3b00ac8-a533-4a5a-89cb-c2d7b6a4a0c0', '267b950a-b4e6-4f27-9fc1-a1fd5968ede3');
INSERT INTO PUBLIC.CREDIT_BANKS (CREDIT_ID, BANK_ID) VALUES ('1fea4378-b006-4826-9e0b-82e4afa75d5c', '2dd9e36c-5d45-41c3-9521-7cd8cea46135');
INSERT INTO PUBLIC.CREDIT_BANKS (CREDIT_ID, BANK_ID) VALUES ('38e60e7a-f45e-4e2b-85df-6b7052ae0846', '2dd9e36c-5d45-41c3-9521-7cd8cea46135');
INSERT INTO PUBLIC.CREDIT_BANKS (CREDIT_ID, BANK_ID) VALUES ('a5e51797-0f05-4a0f-ab38-ff422f1e49b8', '2dd9e36c-5d45-41c3-9521-7cd8cea46135');
INSERT INTO PUBLIC.CREDIT_BANKS (CREDIT_ID, BANK_ID) VALUES ('1f7863c6-e46b-43ab-9a93-16f8f530925c', '3ce3da78-b82f-45f5-8357-ee1051a53a8d');
INSERT INTO PUBLIC.CREDIT_BANKS (CREDIT_ID, BANK_ID) VALUES ('1fea4378-b006-4826-9e0b-82e4afa75d5c', '3ce3da78-b82f-45f5-8357-ee1051a53a8d');
INSERT INTO PUBLIC.CREDIT_BANKS (CREDIT_ID, BANK_ID) VALUES ('38e60e7a-f45e-4e2b-85df-6b7052ae0846', '3ce3da78-b82f-45f5-8357-ee1051a53a8d');
INSERT INTO PUBLIC.CREDIT_BANKS (CREDIT_ID, BANK_ID) VALUES ('4986fe57-e5da-4a19-991f-333a1fd28cb4', '3ce3da78-b82f-45f5-8357-ee1051a53a8d');
INSERT INTO PUBLIC.CREDIT_BANKS (CREDIT_ID, BANK_ID) VALUES ('5a963906-b54d-46ba-ba64-9ea18f49b79d', '3ce3da78-b82f-45f5-8357-ee1051a53a8d');
INSERT INTO PUBLIC.CREDIT_BANKS (CREDIT_ID, BANK_ID) VALUES ('a5e51797-0f05-4a0f-ab38-ff422f1e49b8', '3ce3da78-b82f-45f5-8357-ee1051a53a8d');
INSERT INTO PUBLIC.CREDIT_BANKS (CREDIT_ID, BANK_ID) VALUES ('bb919247-0b47-401a-8c76-97845a5dae2f', '3ce3da78-b82f-45f5-8357-ee1051a53a8d');
INSERT INTO PUBLIC.CREDIT_BANKS (CREDIT_ID, BANK_ID) VALUES ('ca1381ae-27eb-44a6-8715-f6773768d348', '3ce3da78-b82f-45f5-8357-ee1051a53a8d');
INSERT INTO PUBLIC.CREDIT_BANKS (CREDIT_ID, BANK_ID) VALUES ('1f7863c6-e46b-43ab-9a93-16f8f530925c', '8ec59ba6-b110-4c01-bbf2-87878767131d');
INSERT INTO PUBLIC.CREDIT_BANKS (CREDIT_ID, BANK_ID) VALUES ('38e60e7a-f45e-4e2b-85df-6b7052ae0846', '8ec59ba6-b110-4c01-bbf2-87878767131d');
INSERT INTO PUBLIC.CREDIT_BANKS (CREDIT_ID, BANK_ID) VALUES ('4986fe57-e5da-4a19-991f-333a1fd28cb4', '8ec59ba6-b110-4c01-bbf2-87878767131d');
INSERT INTO PUBLIC.CREDIT_BANKS (CREDIT_ID, BANK_ID) VALUES ('5a963906-b54d-46ba-ba64-9ea18f49b79d', '8ec59ba6-b110-4c01-bbf2-87878767131d');
INSERT INTO PUBLIC.CREDIT_BANKS (CREDIT_ID, BANK_ID) VALUES ('89d36d2c-5295-48d9-ac8d-ec67cb39df4c', '8ec59ba6-b110-4c01-bbf2-87878767131d');
INSERT INTO PUBLIC.CREDIT_BANKS (CREDIT_ID, BANK_ID) VALUES ('a5e51797-0f05-4a0f-ab38-ff422f1e49b8', '8ec59ba6-b110-4c01-bbf2-87878767131d');
INSERT INTO PUBLIC.CREDIT_BANKS (CREDIT_ID, BANK_ID) VALUES ('bb919247-0b47-401a-8c76-97845a5dae2f', '8ec59ba6-b110-4c01-bbf2-87878767131d');
INSERT INTO PUBLIC.CREDIT_BANKS (CREDIT_ID, BANK_ID) VALUES ('ca1381ae-27eb-44a6-8715-f6773768d348', '8ec59ba6-b110-4c01-bbf2-87878767131d');
INSERT INTO PUBLIC.CREDIT_BANKS (CREDIT_ID, BANK_ID) VALUES ('1f7863c6-e46b-43ab-9a93-16f8f530925c', '92a18191-37f9-4e7c-98dc-44bc6b726952');
INSERT INTO PUBLIC.CREDIT_BANKS (CREDIT_ID, BANK_ID) VALUES ('1fea4378-b006-4826-9e0b-82e4afa75d5c', '92a18191-37f9-4e7c-98dc-44bc6b726952');
INSERT INTO PUBLIC.CREDIT_BANKS (CREDIT_ID, BANK_ID) VALUES ('38e60e7a-f45e-4e2b-85df-6b7052ae0846', '92a18191-37f9-4e7c-98dc-44bc6b726952');
INSERT INTO PUBLIC.CREDIT_BANKS (CREDIT_ID, BANK_ID) VALUES ('4986fe57-e5da-4a19-991f-333a1fd28cb4', '92a18191-37f9-4e7c-98dc-44bc6b726952');
INSERT INTO PUBLIC.CREDIT_BANKS (CREDIT_ID, BANK_ID) VALUES ('5a963906-b54d-46ba-ba64-9ea18f49b79d', '92a18191-37f9-4e7c-98dc-44bc6b726952');
INSERT INTO PUBLIC.CREDIT_BANKS (CREDIT_ID, BANK_ID) VALUES ('89d36d2c-5295-48d9-ac8d-ec67cb39df4c', '92a18191-37f9-4e7c-98dc-44bc6b726952');
INSERT INTO PUBLIC.CREDIT_BANKS (CREDIT_ID, BANK_ID) VALUES ('a5e51797-0f05-4a0f-ab38-ff422f1e49b8', '92a18191-37f9-4e7c-98dc-44bc6b726952');
INSERT INTO PUBLIC.CREDIT_BANKS (CREDIT_ID, BANK_ID) VALUES ('bb919247-0b47-401a-8c76-97845a5dae2f', '92a18191-37f9-4e7c-98dc-44bc6b726952');
INSERT INTO PUBLIC.CREDIT_BANKS (CREDIT_ID, BANK_ID) VALUES ('ca1381ae-27eb-44a6-8715-f6773768d348', '92a18191-37f9-4e7c-98dc-44bc6b726952');
INSERT INTO PUBLIC.CREDIT_BANKS (CREDIT_ID, BANK_ID) VALUES ('1fea4378-b006-4826-9e0b-82e4afa75d5c', 'a2e5d288-9da8-4ea1-92a8-077dbcfbb752');
INSERT INTO PUBLIC.CREDIT_BANKS (CREDIT_ID, BANK_ID) VALUES ('38e60e7a-f45e-4e2b-85df-6b7052ae0846', 'a2e5d288-9da8-4ea1-92a8-077dbcfbb752');
INSERT INTO PUBLIC.CREDIT_BANKS (CREDIT_ID, BANK_ID) VALUES ('4986fe57-e5da-4a19-991f-333a1fd28cb4', 'a2e5d288-9da8-4ea1-92a8-077dbcfbb752');
INSERT INTO PUBLIC.CREDIT_BANKS (CREDIT_ID, BANK_ID) VALUES ('5a963906-b54d-46ba-ba64-9ea18f49b79d', 'a2e5d288-9da8-4ea1-92a8-077dbcfbb752');
INSERT INTO PUBLIC.CREDIT_BANKS (CREDIT_ID, BANK_ID) VALUES ('89d36d2c-5295-48d9-ac8d-ec67cb39df4c', 'a2e5d288-9da8-4ea1-92a8-077dbcfbb752');
INSERT INTO PUBLIC.CREDIT_BANKS (CREDIT_ID, BANK_ID) VALUES ('a5e51797-0f05-4a0f-ab38-ff422f1e49b8', 'a2e5d288-9da8-4ea1-92a8-077dbcfbb752');
INSERT INTO PUBLIC.CREDIT_BANKS (CREDIT_ID, BANK_ID) VALUES ('bb919247-0b47-401a-8c76-97845a5dae2f', 'a2e5d288-9da8-4ea1-92a8-077dbcfbb752');
INSERT INTO PUBLIC.CREDIT_BANKS (CREDIT_ID, BANK_ID) VALUES ('ca1381ae-27eb-44a6-8715-f6773768d348', 'a2e5d288-9da8-4ea1-92a8-077dbcfbb752');
INSERT INTO PUBLIC.CREDIT_BANKS (CREDIT_ID, BANK_ID) VALUES ('d3b00ac8-a533-4a5a-89cb-c2d7b6a4a0c0', 'a2e5d288-9da8-4ea1-92a8-077dbcfbb752');
INSERT INTO PUBLIC.CREDIT_BANKS (CREDIT_ID, BANK_ID) VALUES ('1fea4378-b006-4826-9e0b-82e4afa75d5c', 'a41d544f-b184-4eab-904d-810e7ac37173');
INSERT INTO PUBLIC.CREDIT_BANKS (CREDIT_ID, BANK_ID) VALUES ('4986fe57-e5da-4a19-991f-333a1fd28cb4', 'a41d544f-b184-4eab-904d-810e7ac37173');
INSERT INTO PUBLIC.CREDIT_BANKS (CREDIT_ID, BANK_ID) VALUES ('89d36d2c-5295-48d9-ac8d-ec67cb39df4c', 'a41d544f-b184-4eab-904d-810e7ac37173');
INSERT INTO PUBLIC.CREDIT_BANKS (CREDIT_ID, BANK_ID) VALUES ('a5e51797-0f05-4a0f-ab38-ff422f1e49b8', 'a41d544f-b184-4eab-904d-810e7ac37173');
INSERT INTO PUBLIC.CREDIT_BANKS (CREDIT_ID, BANK_ID) VALUES ('bb919247-0b47-401a-8c76-97845a5dae2f', 'a41d544f-b184-4eab-904d-810e7ac37173');
INSERT INTO PUBLIC.CREDIT_BANKS (CREDIT_ID, BANK_ID) VALUES ('d3b00ac8-a533-4a5a-89cb-c2d7b6a4a0c0', 'a41d544f-b184-4eab-904d-810e7ac37173');
INSERT INTO PUBLIC.CREDIT_BANKS (CREDIT_ID, BANK_ID) VALUES ('1fea4378-b006-4826-9e0b-82e4afa75d5c', 'd5c6996f-8249-49f5-b1a4-977246a7aa44');
INSERT INTO PUBLIC.CREDIT_BANKS (CREDIT_ID, BANK_ID) VALUES ('38e60e7a-f45e-4e2b-85df-6b7052ae0846', 'd5c6996f-8249-49f5-b1a4-977246a7aa44');
INSERT INTO PUBLIC.CREDIT_BANKS (CREDIT_ID, BANK_ID) VALUES ('4986fe57-e5da-4a19-991f-333a1fd28cb4', 'd5c6996f-8249-49f5-b1a4-977246a7aa44');
INSERT INTO PUBLIC.CREDIT_BANKS (CREDIT_ID, BANK_ID) VALUES ('5a963906-b54d-46ba-ba64-9ea18f49b79d', 'd5c6996f-8249-49f5-b1a4-977246a7aa44');
INSERT INTO PUBLIC.CREDIT_BANKS (CREDIT_ID, BANK_ID) VALUES ('89d36d2c-5295-48d9-ac8d-ec67cb39df4c', 'd5c6996f-8249-49f5-b1a4-977246a7aa44');
INSERT INTO PUBLIC.CREDIT_BANKS (CREDIT_ID, BANK_ID) VALUES ('a5e51797-0f05-4a0f-ab38-ff422f1e49b8', 'd5c6996f-8249-49f5-b1a4-977246a7aa44');
INSERT INTO PUBLIC.CREDIT_BANKS (CREDIT_ID, BANK_ID) VALUES ('bb919247-0b47-401a-8c76-97845a5dae2f', 'd5c6996f-8249-49f5-b1a4-977246a7aa44');
INSERT INTO PUBLIC.CREDIT_BANKS (CREDIT_ID, BANK_ID) VALUES ('ca1381ae-27eb-44a6-8715-f6773768d348', 'd5c6996f-8249-49f5-b1a4-977246a7aa44');

/*Банк- клиент*/
INSERT INTO PUBLIC.CUSTOMER_BANKS (CUSTOMER_ID, BANK_ID) VALUES ('b7fab304-9c1a-487f-891e-0394b6caa645', '267b950a-b4e6-4f27-9fc1-a1fd5968ede3');
INSERT INTO PUBLIC.CUSTOMER_BANKS (CUSTOMER_ID, BANK_ID) VALUES ('b7fab304-9c1a-487f-891e-0394b6caa645', '8ec59ba6-b110-4c01-bbf2-87878767131d');
INSERT INTO PUBLIC.CUSTOMER_BANKS (CUSTOMER_ID, BANK_ID) VALUES ('e7586d78-2d0f-4576-a14c-6beb53f771b9', '3ce3da78-b82f-45f5-8357-ee1051a53a8d');
INSERT INTO PUBLIC.CUSTOMER_BANKS (CUSTOMER_ID, BANK_ID) VALUES ('e7586d78-2d0f-4576-a14c-6beb53f771b9', '267b950a-b4e6-4f27-9fc1-a1fd5968ede3');
INSERT INTO PUBLIC.CUSTOMER_BANKS (CUSTOMER_ID, BANK_ID) VALUES ('fc365857-a6c2-4c6e-90f6-186766a13621', 'a41d544f-b184-4eab-904d-810e7ac37173');
INSERT INTO PUBLIC.CUSTOMER_BANKS (CUSTOMER_ID, BANK_ID) VALUES ('3dfa8557-869e-4dbd-bf1c-9375f24b44de', '1b77c6a0-1d17-41b9-acaf-349ce92f454a');
INSERT INTO PUBLIC.CUSTOMER_BANKS (CUSTOMER_ID, BANK_ID) VALUES ('6547a40c-80c8-4b30-808a-17adc399b08b', '267b950a-b4e6-4f27-9fc1-a1fd5968ede3');
INSERT INTO PUBLIC.CUSTOMER_BANKS (CUSTOMER_ID, BANK_ID) VALUES ('53bd20a1-24d2-437b-8b04-3eea44db174d', '1b77c6a0-1d17-41b9-acaf-349ce92f454a');
INSERT INTO PUBLIC.CUSTOMER_BANKS (CUSTOMER_ID, BANK_ID) VALUES ('0f54e8e0-d718-4528-b01e-09155de1432a', '07dc98c8-48cc-4ef8-80c3-92bd0a433c64');
INSERT INTO PUBLIC.CUSTOMER_BANKS (CUSTOMER_ID, BANK_ID) VALUES ('53bd20a1-24d2-437b-8b04-3eea44db174d', '07dc98c8-48cc-4ef8-80c3-92bd0a433c64');
INSERT INTO PUBLIC.CUSTOMER_BANKS (CUSTOMER_ID, BANK_ID) VALUES ('6547a40c-80c8-4b30-808a-17adc399b08b', '07dc98c8-48cc-4ef8-80c3-92bd0a433c64');
INSERT INTO PUBLIC.CUSTOMER_BANKS (CUSTOMER_ID, BANK_ID) VALUES ('e7586d78-2d0f-4576-a14c-6beb53f771b9', '1b77c6a0-1d17-41b9-acaf-349ce92f454a');
INSERT INTO PUBLIC.CUSTOMER_BANKS (CUSTOMER_ID, BANK_ID) VALUES ('d51b574f-c46a-4944-a5f7-4a7563d8bf16', '1b77c6a0-1d17-41b9-acaf-349ce92f454a');
INSERT INTO PUBLIC.CUSTOMER_BANKS (CUSTOMER_ID, BANK_ID) VALUES ('f7543515-e7a9-4b95-8256-aedb47d630bd', '3ce3da78-b82f-45f5-8357-ee1051a53a8d');
INSERT INTO PUBLIC.CUSTOMER_BANKS (CUSTOMER_ID, BANK_ID) VALUES ('3dfa8557-869e-4dbd-bf1c-9375f24b44de', '3ce3da78-b82f-45f5-8357-ee1051a53a8d');
INSERT INTO PUBLIC.CUSTOMER_BANKS (CUSTOMER_ID, BANK_ID) VALUES ('fc365857-a6c2-4c6e-90f6-186766a13621', '3ce3da78-b82f-45f5-8357-ee1051a53a8d');
INSERT INTO PUBLIC.CUSTOMER_BANKS (CUSTOMER_ID, BANK_ID) VALUES ('66b686c4-56c3-4377-acc2-21d3b5795a29', '3ce3da78-b82f-45f5-8357-ee1051a53a8d');
INSERT INTO PUBLIC.CUSTOMER_BANKS (CUSTOMER_ID, BANK_ID) VALUES ('66b686c4-56c3-4377-acc2-21d3b5795a29', '8ec59ba6-b110-4c01-bbf2-87878767131d');
INSERT INTO PUBLIC.CUSTOMER_BANKS (CUSTOMER_ID, BANK_ID) VALUES ('fc365857-a6c2-4c6e-90f6-186766a13621', 'a2e5d288-9da8-4ea1-92a8-077dbcfbb752');
INSERT INTO PUBLIC.CUSTOMER_BANKS (CUSTOMER_ID, BANK_ID) VALUES ('e7586d78-2d0f-4576-a14c-6beb53f771b9', 'a2e5d288-9da8-4ea1-92a8-077dbcfbb752');
INSERT INTO PUBLIC.CUSTOMER_BANKS (CUSTOMER_ID, BANK_ID) VALUES ('66b686c4-56c3-4377-acc2-21d3b5795a29', 'a2e5d288-9da8-4ea1-92a8-077dbcfbb752');
INSERT INTO PUBLIC.CUSTOMER_BANKS (CUSTOMER_ID, BANK_ID) VALUES ('e7586d78-2d0f-4576-a14c-6beb53f771b9', 'a41d544f-b184-4eab-904d-810e7ac37173');


/*Платежи по кредиту*/

INSERT INTO PUBLIC.CREDIT_PAYMENTS (ID, DATE_OF_PAYMENT, PAYMENT_OF_LOAN_BODY_IN_MONTH, PAYMENT_OF_MONTH, PAYMENT_OF_PERCENT_IN_MONTH, CO_CP_ID) VALUES ('040da633-3bc5-474c-b086-1aaf5a5abc62', '2021-12-15', 496059.375, 507934.875, 11875.5, '0513c173-aab0-4829-bf3b-e5724717343c');
INSERT INTO PUBLIC.CREDIT_PAYMENTS (ID, DATE_OF_PAYMENT, PAYMENT_OF_LOAN_BODY_IN_MONTH, PAYMENT_OF_MONTH, PAYMENT_OF_PERCENT_IN_MONTH, CO_CP_ID) VALUES ('055062b4-416e-49a5-8118-e255b368e80d', '2021-12-15', 247516.8125, 255016.8125, 7500, 'b6b30cf6-cf36-4b62-a538-05ff9f0a41d2');
INSERT INTO PUBLIC.CREDIT_PAYMENTS (ID, DATE_OF_PAYMENT, PAYMENT_OF_LOAN_BODY_IN_MONTH, PAYMENT_OF_MONTH, PAYMENT_OF_PERCENT_IN_MONTH, CO_CP_ID) VALUES ('0827dc33-c4af-4e98-9654-8b3a91c7c200', '2023-05-15', 9634.669921875, 11458.6630859375, 1823.9930419921875, '90f16ed1-8f96-4ebe-a54a-0d05a20c73ce');
INSERT INTO PUBLIC.CREDIT_PAYMENTS (ID, DATE_OF_PAYMENT, PAYMENT_OF_LOAN_BODY_IN_MONTH, PAYMENT_OF_MONTH, PAYMENT_OF_PERCENT_IN_MONTH, CO_CP_ID) VALUES ('09ac3c64-27db-4c54-8c9b-7388236db66a', '2022-03-15', 203534.4375, 220955.609375, 17421.17578125, '4ebe944d-f435-4d26-a044-a2284b8bbb4f');
INSERT INTO PUBLIC.CREDIT_PAYMENTS (ID, DATE_OF_PAYMENT, PAYMENT_OF_LOAN_BODY_IN_MONTH, PAYMENT_OF_MONTH, PAYMENT_OF_PERCENT_IN_MONTH, CO_CP_ID) VALUES ('0b7818d1-7636-489e-a49f-444255db6544', '2021-12-15', 49503.36328125, 51003.36328125, 1500, '131f910b-6d1e-4dfe-a583-fbed947050d4');
INSERT INTO PUBLIC.CREDIT_PAYMENTS (ID, DATE_OF_PAYMENT, PAYMENT_OF_LOAN_BODY_IN_MONTH, PAYMENT_OF_MONTH, PAYMENT_OF_PERCENT_IN_MONTH, CO_CP_ID) VALUES ('0c0234f9-f643-4a92-87b5-e09cd131f952', '2022-02-15', 420303.6875, 423981.3125, 3677.610107421875, 'bec719aa-292c-4537-a425-20ce3dc17f74');
INSERT INTO PUBLIC.CREDIT_PAYMENTS (ID, DATE_OF_PAYMENT, PAYMENT_OF_LOAN_BODY_IN_MONTH, PAYMENT_OF_MONTH, PAYMENT_OF_PERCENT_IN_MONTH, CO_CP_ID) VALUES ('0db3d5f2-e554-4f0c-9d5e-5467db6dfd3b', '2022-02-15', 503945.0625, 507934.875, 3989.802978515625, '0513c173-aab0-4829-bf3b-e5724717343c');
INSERT INTO PUBLIC.CREDIT_PAYMENTS (ID, DATE_OF_PAYMENT, PAYMENT_OF_LOAN_BODY_IN_MONTH, PAYMENT_OF_MONTH, PAYMENT_OF_PERCENT_IN_MONTH, CO_CP_ID) VALUES ('0e5217d1-dcbe-4d66-9395-db891496d37e', '2022-02-15', 185160.71875, 187012.328125, 1851.60205078125, 'fc76b6bb-f9b5-4baf-b51b-f4701d92920b');
INSERT INTO PUBLIC.CREDIT_PAYMENTS (ID, DATE_OF_PAYMENT, PAYMENT_OF_LOAN_BODY_IN_MONTH, PAYMENT_OF_MONTH, PAYMENT_OF_PERCENT_IN_MONTH, CO_CP_ID) VALUES ('10760c86-29a9-4629-919e-cd994f779752', '2022-02-15', 225002.546875, 226690.109375, 1687.5550537109375, '3cc3db52-84a2-42b2-b0f5-c795c8b88321');
INSERT INTO PUBLIC.CREDIT_PAYMENTS (ID, DATE_OF_PAYMENT, PAYMENT_OF_LOAN_BODY_IN_MONTH, PAYMENT_OF_MONTH, PAYMENT_OF_PERCENT_IN_MONTH, CO_CP_ID) VALUES ('11d0e14b-c84d-4e4c-a4fe-c8ab0d686e89', '2021-12-15', 82574.4609375, 84866.2109375, 2291.75, '709dcd55-1195-4f27-871b-0a23601993f7');
INSERT INTO PUBLIC.CREDIT_PAYMENTS (ID, DATE_OF_PAYMENT, PAYMENT_OF_LOAN_BODY_IN_MONTH, PAYMENT_OF_MONTH, PAYMENT_OF_PERCENT_IN_MONTH, CO_CP_ID) VALUES ('11f7aa7f-d323-4d8b-b3d5-6ec4323bb2d2', '2022-02-15', 420303.6875, 423981.3125, 3677.610107421875, 'd65132be-2460-40f7-b831-8494588fc0ee');
INSERT INTO PUBLIC.CREDIT_PAYMENTS (ID, DATE_OF_PAYMENT, PAYMENT_OF_LOAN_BODY_IN_MONTH, PAYMENT_OF_MONTH, PAYMENT_OF_PERCENT_IN_MONTH, CO_CP_ID) VALUES ('15cfe514-ea27-40a0-b451-9d31614d4e45', '2022-01-15', 83331.421875, 84866.2109375, 1534.7900390625, '709dcd55-1195-4f27-871b-0a23601993f7');
INSERT INTO PUBLIC.CREDIT_PAYMENTS (ID, DATE_OF_PAYMENT, PAYMENT_OF_LOAN_BODY_IN_MONTH, PAYMENT_OF_MONTH, PAYMENT_OF_PERCENT_IN_MONTH, CO_CP_ID) VALUES ('1c491f37-be36-43e0-b82d-e0ce49b04182', '2022-12-15', 9204.955078125, 11458.6630859375, 2253.7080078125, '90f16ed1-8f96-4ebe-a54a-0d05a20c73ce');
INSERT INTO PUBLIC.CREDIT_PAYMENTS (ID, DATE_OF_PAYMENT, PAYMENT_OF_LOAN_BODY_IN_MONTH, PAYMENT_OF_MONTH, PAYMENT_OF_PERCENT_IN_MONTH, CO_CP_ID) VALUES ('1caee11a-eac3-45ca-bf47-3b85b160322e', '2022-06-15', 46034.8125, 48866.875, 2832.06298828125, 'e295b7b7-49d5-4f3a-ba58-35351a1866d4');
INSERT INTO PUBLIC.CREDIT_PAYMENTS (ID, DATE_OF_PAYMENT, PAYMENT_OF_LOAN_BODY_IN_MONTH, PAYMENT_OF_MONTH, PAYMENT_OF_PERCENT_IN_MONTH, CO_CP_ID) VALUES ('1e6716ee-f630-40de-b6b1-91257487336a', '2022-01-15', 223327.59375, 226690.109375, 3362.510986328125, '72a91922-f307-4f53-86f0-f3b612c1aa33');
INSERT INTO PUBLIC.CREDIT_PAYMENTS (ID, DATE_OF_PAYMENT, PAYMENT_OF_LOAN_BODY_IN_MONTH, PAYMENT_OF_MONTH, PAYMENT_OF_PERCENT_IN_MONTH, CO_CP_ID) VALUES ('2270d310-5c4e-480e-b3e8-39fcd876a4f7', '2022-02-15', 50498.3828125, 51003.36328125, 504.98199462890625, '265ed691-963a-450e-ac5c-ec8347d88f07');
INSERT INTO PUBLIC.CREDIT_PAYMENTS (ID, DATE_OF_PAYMENT, PAYMENT_OF_LOAN_BODY_IN_MONTH, PAYMENT_OF_MONTH, PAYMENT_OF_PERCENT_IN_MONTH, CO_CP_ID) VALUES ('246e24f4-aabf-4e51-91be-f4afc68fd3ff', '2021-12-15', 413043.8125, 423981.3125, 10937.5, 'bec719aa-292c-4537-a425-20ce3dc17f74');
INSERT INTO PUBLIC.CREDIT_PAYMENTS (ID, DATE_OF_PAYMENT, PAYMENT_OF_LOAN_BODY_IN_MONTH, PAYMENT_OF_MONTH, PAYMENT_OF_PERCENT_IN_MONTH, CO_CP_ID) VALUES ('26e00e56-02e3-4483-b586-f1100fbeb0da', '2024-03-15', 10555.21875, 11458.6630859375, 903.4439697265625, '90f16ed1-8f96-4ebe-a54a-0d05a20c73ce');
INSERT INTO PUBLIC.CREDIT_PAYMENTS (ID, DATE_OF_PAYMENT, PAYMENT_OF_LOAN_BODY_IN_MONTH, PAYMENT_OF_MONTH, PAYMENT_OF_PERCENT_IN_MONTH, CO_CP_ID) VALUES ('2ab31861-bb86-4a60-ae93-a9f96bd788da', '2022-02-15', 225002.546875, 226690.109375, 1687.5550537109375, '72a91922-f307-4f53-86f0-f3b612c1aa33');
INSERT INTO PUBLIC.CREDIT_PAYMENTS (ID, DATE_OF_PAYMENT, PAYMENT_OF_LOAN_BODY_IN_MONTH, PAYMENT_OF_MONTH, PAYMENT_OF_PERCENT_IN_MONTH, CO_CP_ID) VALUES ('2ab6b2ea-f362-4089-8f00-8547151a8074', '2022-01-15', 258994.0625, 263764.1875, 4770.126953125, '28eefc55-bfc1-449d-beb8-1b4b7a78e865');
INSERT INTO PUBLIC.CREDIT_PAYMENTS (ID, DATE_OF_PAYMENT, PAYMENT_OF_LOAN_BODY_IN_MONTH, PAYMENT_OF_MONTH, PAYMENT_OF_PERCENT_IN_MONTH, CO_CP_ID) VALUES ('2b11bfac-0c97-4efd-8fcb-792fcf1465f7', '2022-02-15', 261368.265625, 263764.1875, 2395.927978515625, '6bdd33a8-bcfc-425a-b370-efa625a1bbc8');
INSERT INTO PUBLIC.CREDIT_PAYMENTS (ID, DATE_OF_PAYMENT, PAYMENT_OF_LOAN_BODY_IN_MONTH, PAYMENT_OF_MONTH, PAYMENT_OF_PERCENT_IN_MONTH, CO_CP_ID) VALUES ('2b79b8f2-5711-43bb-9365-046d0fb5a00f', '2022-06-15', 8714.517578125, 11458.6630859375, 2744.14501953125, '90f16ed1-8f96-4ebe-a54a-0d05a20c73ce');
INSERT INTO PUBLIC.CREDIT_PAYMENTS (ID, DATE_OF_PAYMENT, PAYMENT_OF_LOAN_BODY_IN_MONTH, PAYMENT_OF_MONTH, PAYMENT_OF_PERCENT_IN_MONTH, CO_CP_ID) VALUES ('2dd3e223-69c2-4ac2-b8b8-31e5c667e147', '2022-01-15', 833314.25, 848662.125, 15347.8984375, '2160d240-5dee-4470-8f78-1c1ac6cf62d8');
INSERT INTO PUBLIC.CREDIT_PAYMENTS (ID, DATE_OF_PAYMENT, PAYMENT_OF_LOAN_BODY_IN_MONTH, PAYMENT_OF_MONTH, PAYMENT_OF_PERCENT_IN_MONTH, CO_CP_ID) VALUES ('2f51829a-e1c8-438f-9b4a-368c812d9a8b', '2022-01-15', 8325.8427734375, 11458.6630859375, 3132.820068359375, '90f16ed1-8f96-4ebe-a54a-0d05a20c73ce');
INSERT INTO PUBLIC.CREDIT_PAYMENTS (ID, DATE_OF_PAYMENT, PAYMENT_OF_LOAN_BODY_IN_MONTH, PAYMENT_OF_MONTH, PAYMENT_OF_PERCENT_IN_MONTH, CO_CP_ID) VALUES ('312965e0-df05-44ec-bd97-0d17feccc7e2', '2022-01-15', 223327.59375, 226690.109375, 3362.510986328125, '3cc3db52-84a2-42b2-b0f5-c795c8b88321');
INSERT INTO PUBLIC.CREDIT_PAYMENTS (ID, DATE_OF_PAYMENT, PAYMENT_OF_LOAN_BODY_IN_MONTH, PAYMENT_OF_MONTH, PAYMENT_OF_PERCENT_IN_MONTH, CO_CP_ID) VALUES ('32ee0593-6159-45d7-980a-17ec65cbd204', '2023-04-15', 9547.15234375, 11458.6630859375, 1911.510986328125, '90f16ed1-8f96-4ebe-a54a-0d05a20c73ce');
INSERT INTO PUBLIC.CREDIT_PAYMENTS (ID, DATE_OF_PAYMENT, PAYMENT_OF_LOAN_BODY_IN_MONTH, PAYMENT_OF_MONTH, PAYMENT_OF_PERCENT_IN_MONTH, CO_CP_ID) VALUES ('3762c0cb-5dac-4cc7-bdf7-9fc14cb6645e', '2024-05-15', 10749.6259765625, 11458.6630859375, 709.0369873046875, '90f16ed1-8f96-4ebe-a54a-0d05a20c73ce');
INSERT INTO PUBLIC.CREDIT_PAYMENTS (ID, DATE_OF_PAYMENT, PAYMENT_OF_LOAN_BODY_IN_MONTH, PAYMENT_OF_MONTH, PAYMENT_OF_PERCENT_IN_MONTH, CO_CP_ID) VALUES ('41a11854-7f81-4c4f-920e-d0c500f0091c', '2022-01-15', 499986.6875, 507934.875, 7948.1982421875, '0513c173-aab0-4829-bf3b-e5724717343c');
INSERT INTO PUBLIC.CREDIT_PAYMENTS (ID, DATE_OF_PAYMENT, PAYMENT_OF_LOAN_BODY_IN_MONTH, PAYMENT_OF_MONTH, PAYMENT_OF_PERCENT_IN_MONTH, CO_CP_ID) VALUES ('430012fe-ed50-4143-93b9-f463a49ab02b', '2022-02-15', 299379.34375, 302123.71875, 2744.37109375, '56109868-abcd-4553-b4d8-19a0c7a092cf');
INSERT INTO PUBLIC.CREDIT_PAYMENTS (ID, DATE_OF_PAYMENT, PAYMENT_OF_LOAN_BODY_IN_MONTH, PAYMENT_OF_MONTH, PAYMENT_OF_PERCENT_IN_MONTH, CO_CP_ID) VALUES ('49a5eb40-a32a-4255-91f9-2967eec71e39', '2022-11-15', 9121.3388671875, 11458.6630859375, 2337.323974609375, '90f16ed1-8f96-4ebe-a54a-0d05a20c73ce');
INSERT INTO PUBLIC.CREDIT_PAYMENTS (ID, DATE_OF_PAYMENT, PAYMENT_OF_LOAN_BODY_IN_MONTH, PAYMENT_OF_MONTH, PAYMENT_OF_PERCENT_IN_MONTH, CO_CP_ID) VALUES ('4ec01dcd-3e26-4a91-a11e-2ca5b9a71e1a', '2022-02-15', 840953.1875, 848662.125, 7708.9072265625, '2160d240-5dee-4470-8f78-1c1ac6cf62d8');
INSERT INTO PUBLIC.CREDIT_PAYMENTS (ID, DATE_OF_PAYMENT, PAYMENT_OF_LOAN_BODY_IN_MONTH, PAYMENT_OF_MONTH, PAYMENT_OF_PERCENT_IN_MONTH, CO_CP_ID) VALUES ('4f88ebe0-eaba-4990-9bbd-baf46ea2d700', '2022-05-15', 207283.140625, 220955.609375, 13672.47265625, '4ebe944d-f435-4d26-a044-a2284b8bbb4f');
INSERT INTO PUBLIC.CREDIT_PAYMENTS (ID, DATE_OF_PAYMENT, PAYMENT_OF_LOAN_BODY_IN_MONTH, PAYMENT_OF_MONTH, PAYMENT_OF_PERCENT_IN_MONTH, CO_CP_ID) VALUES ('4fc9b060-2d9a-49f6-935e-0c5d3a3e4749', '2021-12-15', 181512.328125, 187012.328125, 5500, 'fc76b6bb-f9b5-4baf-b51b-f4701d92920b');
INSERT INTO PUBLIC.CREDIT_PAYMENTS (ID, DATE_OF_PAYMENT, PAYMENT_OF_LOAN_BODY_IN_MONTH, PAYMENT_OF_MONTH, PAYMENT_OF_PERCENT_IN_MONTH, CO_CP_ID) VALUES ('50eaac0e-f042-4937-8476-e93c84f4d3a8', '2021-12-15', 825744.625, 848662.125, 22917.5, '9e32a36b-8388-41f2-84da-b937711672bd');
INSERT INTO PUBLIC.CREDIT_PAYMENTS (ID, DATE_OF_PAYMENT, PAYMENT_OF_LOAN_BODY_IN_MONTH, PAYMENT_OF_MONTH, PAYMENT_OF_PERCENT_IN_MONTH, CO_CP_ID) VALUES ('5134fb09-8c6b-4ce2-bb34-df732d97ede5', '2021-12-15', 43366.875, 48866.875, 5500, 'e295b7b7-49d5-4f3a-ba58-35351a1866d4');
INSERT INTO PUBLIC.CREDIT_PAYMENTS (ID, DATE_OF_PAYMENT, PAYMENT_OF_LOAN_BODY_IN_MONTH, PAYMENT_OF_MONTH, PAYMENT_OF_PERCENT_IN_MONTH, CO_CP_ID) VALUES ('52266c9e-75fb-423a-bfe4-97a93d02cc02', '2021-12-15', 256641.421875, 263764.1875, 7122.7587890625, '28eefc55-bfc1-449d-beb8-1b4b7a78e865');
INSERT INTO PUBLIC.CREDIT_PAYMENTS (ID, DATE_OF_PAYMENT, PAYMENT_OF_LOAN_BODY_IN_MONTH, PAYMENT_OF_MONTH, PAYMENT_OF_PERCENT_IN_MONTH, CO_CP_ID) VALUES ('52df6d37-7363-4742-bdcc-8fd1b020d4b5', '2022-01-15', 833314.25, 848662.125, 15347.8984375, '74c30e21-91ae-4d00-aa9f-dbd0bbb74cfb');
INSERT INTO PUBLIC.CREDIT_PAYMENTS (ID, DATE_OF_PAYMENT, PAYMENT_OF_LOAN_BODY_IN_MONTH, PAYMENT_OF_MONTH, PAYMENT_OF_PERCENT_IN_MONTH, CO_CP_ID) VALUES ('553abf9d-bbe3-4429-af05-0a47830088da', '2022-05-15', 45579.01953125, 48866.875, 3287.85400390625, 'e295b7b7-49d5-4f3a-ba58-35351a1866d4');
INSERT INTO PUBLIC.CREDIT_PAYMENTS (ID, DATE_OF_PAYMENT, PAYMENT_OF_LOAN_BODY_IN_MONTH, PAYMENT_OF_MONTH, PAYMENT_OF_PERCENT_IN_MONTH, CO_CP_ID) VALUES ('580ab243-8c0e-41fd-a616-f767fe9fdc38', '2024-09-15', 11149.24609375, 11458.6630859375, 309.4169921875, '90f16ed1-8f96-4ebe-a54a-0d05a20c73ce');
INSERT INTO PUBLIC.CREDIT_PAYMENTS (ID, DATE_OF_PAYMENT, PAYMENT_OF_LOAN_BODY_IN_MONTH, PAYMENT_OF_MONTH, PAYMENT_OF_PERCENT_IN_MONTH, CO_CP_ID) VALUES ('58f3043f-1b3b-48dc-bee7-0e7a0ddd5708', '2024-02-15', 10459.3388671875, 11458.6630859375, 999.323974609375, '90f16ed1-8f96-4ebe-a54a-0d05a20c73ce');
INSERT INTO PUBLIC.CREDIT_PAYMENTS (ID, DATE_OF_PAYMENT, PAYMENT_OF_LOAN_BODY_IN_MONTH, PAYMENT_OF_MONTH, PAYMENT_OF_PERCENT_IN_MONTH, CO_CP_ID) VALUES ('616c3e8c-37b8-4a21-b658-37f8b928c61b', '2024-08-15', 11047.96875, 11458.6630859375, 410.6940002441406, '90f16ed1-8f96-4ebe-a54a-0d05a20c73ce');
INSERT INTO PUBLIC.CREDIT_PAYMENTS (ID, DATE_OF_PAYMENT, PAYMENT_OF_LOAN_BODY_IN_MONTH, PAYMENT_OF_MONTH, PAYMENT_OF_PERCENT_IN_MONTH, CO_CP_ID) VALUES ('64ce80bd-21ac-4d54-aaa4-9cff35fb0d0e', '2023-09-15', 9992.841796875, 11458.6630859375, 1465.821044921875, '90f16ed1-8f96-4ebe-a54a-0d05a20c73ce');
INSERT INTO PUBLIC.CREDIT_PAYMENTS (ID, DATE_OF_PAYMENT, PAYMENT_OF_LOAN_BODY_IN_MONTH, PAYMENT_OF_MONTH, PAYMENT_OF_PERCENT_IN_MONTH, CO_CP_ID) VALUES ('687af160-7f34-48a6-8d2c-b4f01d2c0a03', '2024-11-15', 11354.5927734375, 11458.6630859375, 104.06999969482422, '90f16ed1-8f96-4ebe-a54a-0d05a20c73ce');
INSERT INTO PUBLIC.CREDIT_PAYMENTS (ID, DATE_OF_PAYMENT, PAYMENT_OF_LOAN_BODY_IN_MONTH, PAYMENT_OF_MONTH, PAYMENT_OF_PERCENT_IN_MONTH, CO_CP_ID) VALUES ('69996dec-9e16-4a97-8170-c563f93fa974', '2022-09-15', 214988.953125, 220955.609375, 5966.662109375, '4ebe944d-f435-4d26-a044-a2284b8bbb4f');
INSERT INTO PUBLIC.CREDIT_PAYMENTS (ID, DATE_OF_PAYMENT, PAYMENT_OF_LOAN_BODY_IN_MONTH, PAYMENT_OF_MONTH, PAYMENT_OF_PERCENT_IN_MONTH, CO_CP_ID) VALUES ('6acca2bb-f56a-41dc-b260-5bae80e16ba8', '2022-01-15', 258994.0625, 263764.1875, 4770.126953125, '6bdd33a8-bcfc-425a-b370-efa625a1bbc8');
INSERT INTO PUBLIC.CREDIT_PAYMENTS (ID, DATE_OF_PAYMENT, PAYMENT_OF_LOAN_BODY_IN_MONTH, PAYMENT_OF_MONTH, PAYMENT_OF_PERCENT_IN_MONTH, CO_CP_ID) VALUES ('6dcd1f4d-d9c9-478d-8e7b-09f425265edf', '2022-04-15', 205400.234375, 220955.609375, 15555.3759765625, '4ebe944d-f435-4d26-a044-a2284b8bbb4f');
INSERT INTO PUBLIC.CREDIT_PAYMENTS (ID, DATE_OF_PAYMENT, PAYMENT_OF_LOAN_BODY_IN_MONTH, PAYMENT_OF_MONTH, PAYMENT_OF_PERCENT_IN_MONTH, CO_CP_ID) VALUES ('6dec0a97-e6ec-448d-9ea6-e7220329280f', '2022-02-15', 117733.4453125, 118812.6953125, 1079.2469482421875, '0aeb2646-3804-40ac-b268-4ad0ecf26fb5');
INSERT INTO PUBLIC.CREDIT_PAYMENTS (ID, DATE_OF_PAYMENT, PAYMENT_OF_LOAN_BODY_IN_MONTH, PAYMENT_OF_MONTH, PAYMENT_OF_PERCENT_IN_MONTH, CO_CP_ID) VALUES ('74ca8c4c-87ba-4da5-9c01-b0c9e502e7a2', '2022-08-15', 213036.046875, 220955.609375, 7919.56298828125, '4ebe944d-f435-4d26-a044-a2284b8bbb4f');
INSERT INTO PUBLIC.CREDIT_PAYMENTS (ID, DATE_OF_PAYMENT, PAYMENT_OF_LOAN_BODY_IN_MONTH, PAYMENT_OF_MONTH, PAYMENT_OF_PERCENT_IN_MONTH, CO_CP_ID) VALUES ('75a212ae-6155-43c4-a59d-fa2700e468ba', '2022-10-15', 47904.0078125, 48866.875, 962.8660278320312, 'e295b7b7-49d5-4f3a-ba58-35351a1866d4');
INSERT INTO PUBLIC.CREDIT_PAYMENTS (ID, DATE_OF_PAYMENT, PAYMENT_OF_LOAN_BODY_IN_MONTH, PAYMENT_OF_MONTH, PAYMENT_OF_PERCENT_IN_MONTH, CO_CP_ID) VALUES ('761c7777-2a9d-4f44-8e74-3bc2856221f7', '2022-02-15', 299379.34375, 302123.71875, 2744.37109375, 'a3632533-6d9f-4744-8785-d7090944fa37');
INSERT INTO PUBLIC.CREDIT_PAYMENTS (ID, DATE_OF_PAYMENT, PAYMENT_OF_LOAN_BODY_IN_MONTH, PAYMENT_OF_MONTH, PAYMENT_OF_PERCENT_IN_MONTH, CO_CP_ID) VALUES ('76d1c34c-4c24-41f2-abcd-912cefb480fa', '2022-01-15', 223327.59375, 226690.109375, 3362.510986328125, '6bc39ce7-ecfd-4101-860a-eb04be65be2c');
INSERT INTO PUBLIC.CREDIT_PAYMENTS (ID, DATE_OF_PAYMENT, PAYMENT_OF_LOAN_BODY_IN_MONTH, PAYMENT_OF_MONTH, PAYMENT_OF_PERCENT_IN_MONTH, CO_CP_ID) VALUES ('7763c6d7-454b-49d2-952e-a95d92c9826f', '2021-12-15', 825744.625, 848662.125, 22917.5, '2160d240-5dee-4470-8f78-1c1ac6cf62d8');
INSERT INTO PUBLIC.CREDIT_PAYMENTS (ID, DATE_OF_PAYMENT, PAYMENT_OF_LOAN_BODY_IN_MONTH, PAYMENT_OF_MONTH, PAYMENT_OF_PERCENT_IN_MONTH, CO_CP_ID) VALUES ('777b1eaa-cf1a-469b-ac86-6feea2a41f1a', '2022-01-15', 183327.453125, 187012.328125, 3684.876953125, 'fc76b6bb-f9b5-4baf-b51b-f4701d92920b');
INSERT INTO PUBLIC.CREDIT_PAYMENTS (ID, DATE_OF_PAYMENT, PAYMENT_OF_LOAN_BODY_IN_MONTH, PAYMENT_OF_MONTH, PAYMENT_OF_PERCENT_IN_MONTH, CO_CP_ID) VALUES ('7904821d-a959-42d1-8a95-e8e4c7cd6b60', '2022-02-15', 503945.0625, 507934.875, 3989.802978515625, '5bec350c-a42b-4a07-bb34-a6e0b38dd000');
INSERT INTO PUBLIC.CREDIT_PAYMENTS (ID, DATE_OF_PAYMENT, PAYMENT_OF_LOAN_BODY_IN_MONTH, PAYMENT_OF_MONTH, PAYMENT_OF_PERCENT_IN_MONTH, CO_CP_ID) VALUES ('7999725f-c042-431b-ace2-8f3afdd65f2e', '2022-01-15', 199853.53125, 220955.609375, 21102.0859375, '4ebe944d-f435-4d26-a044-a2284b8bbb4f');
INSERT INTO PUBLIC.CREDIT_PAYMENTS (ID, DATE_OF_PAYMENT, PAYMENT_OF_LOAN_BODY_IN_MONTH, PAYMENT_OF_MONTH, PAYMENT_OF_PERCENT_IN_MONTH, CO_CP_ID) VALUES ('7b63f821-1104-4aaa-b0a2-0a829b320097', '2024-06-15', 10848.16796875, 11458.6630859375, 610.4949951171875, '90f16ed1-8f96-4ebe-a54a-0d05a20c73ce');
INSERT INTO PUBLIC.CREDIT_PAYMENTS (ID, DATE_OF_PAYMENT, PAYMENT_OF_LOAN_BODY_IN_MONTH, PAYMENT_OF_MONTH, PAYMENT_OF_PERCENT_IN_MONTH, CO_CP_ID) VALUES ('7c2bb15a-3541-49fe-81cc-238f0cf63f9b', '2023-08-15', 9902.0703125, 11458.6630859375, 1556.593017578125, '90f16ed1-8f96-4ebe-a54a-0d05a20c73ce');
INSERT INTO PUBLIC.CREDIT_PAYMENTS (ID, DATE_OF_PAYMENT, PAYMENT_OF_LOAN_BODY_IN_MONTH, PAYMENT_OF_MONTH, PAYMENT_OF_PERCENT_IN_MONTH, CO_CP_ID) VALUES ('7c3cad47-abae-4c12-98f1-6ee0fcb17cc9', '2022-01-15', 833314.25, 848662.125, 15347.8984375, '9e32a36b-8388-41f2-84da-b937711672bd');
INSERT INTO PUBLIC.CREDIT_PAYMENTS (ID, DATE_OF_PAYMENT, PAYMENT_OF_LOAN_BODY_IN_MONTH, PAYMENT_OF_MONTH, PAYMENT_OF_PERCENT_IN_MONTH, CO_CP_ID) VALUES ('7db5b854-534b-4284-8f10-a2be8f27c9cb', '2021-12-15', 293965.09375, 302123.71875, 8158.6298828125, '56109868-abcd-4553-b4d8-19a0c7a092cf');
INSERT INTO PUBLIC.CREDIT_PAYMENTS (ID, DATE_OF_PAYMENT, PAYMENT_OF_LOAN_BODY_IN_MONTH, PAYMENT_OF_MONTH, PAYMENT_OF_PERCENT_IN_MONTH, CO_CP_ID) VALUES ('7e110e7c-bf0c-40fd-839c-4efa7bbbe620', '2022-01-15', 416657.9375, 423981.3125, 7323.3671875, 'bec719aa-292c-4537-a425-20ce3dc17f74');
INSERT INTO PUBLIC.CREDIT_PAYMENTS (ID, DATE_OF_PAYMENT, PAYMENT_OF_LOAN_BODY_IN_MONTH, PAYMENT_OF_MONTH, PAYMENT_OF_PERCENT_IN_MONTH, CO_CP_ID) VALUES ('7ebbd1ab-2f39-49f3-a5eb-ebca0bd2a6da', '2022-09-15', 8956.3798828125, 11458.6630859375, 2502.282958984375, '90f16ed1-8f96-4ebe-a54a-0d05a20c73ce');
INSERT INTO PUBLIC.CREDIT_PAYMENTS (ID, DATE_OF_PAYMENT, PAYMENT_OF_LOAN_BODY_IN_MONTH, PAYMENT_OF_MONTH, PAYMENT_OF_PERCENT_IN_MONTH, CO_CP_ID) VALUES ('7ee62cd4-da54-429e-b5d4-f46e8c7bab2f', '2024-07-15', 10947.61328125, 11458.6630859375, 511.04998779296875, '90f16ed1-8f96-4ebe-a54a-0d05a20c73ce');
INSERT INTO PUBLIC.CREDIT_PAYMENTS (ID, DATE_OF_PAYMENT, PAYMENT_OF_LOAN_BODY_IN_MONTH, PAYMENT_OF_MONTH, PAYMENT_OF_PERCENT_IN_MONTH, CO_CP_ID) VALUES ('812b96f0-9522-4060-9d20-f66d883eaae9', '2022-07-15', 211100.890625, 220955.609375, 9854.7255859375, '4ebe944d-f435-4d26-a044-a2284b8bbb4f');
INSERT INTO PUBLIC.CREDIT_PAYMENTS (ID, DATE_OF_PAYMENT, PAYMENT_OF_LOAN_BODY_IN_MONTH, PAYMENT_OF_MONTH, PAYMENT_OF_PERCENT_IN_MONTH, CO_CP_ID) VALUES ('82f556d8-a130-43cf-96ea-369e245c305f', '2021-12-15', 256641.421875, 263764.1875, 7122.7587890625, '6bdd33a8-bcfc-425a-b370-efa625a1bbc8');
INSERT INTO PUBLIC.CREDIT_PAYMENTS (ID, DATE_OF_PAYMENT, PAYMENT_OF_LOAN_BODY_IN_MONTH, PAYMENT_OF_MONTH, PAYMENT_OF_PERCENT_IN_MONTH, CO_CP_ID) VALUES ('85ceae48-4bda-4612-b7bb-d62adcf24f0b', '2022-02-15', 84095.3203125, 84866.2109375, 770.8909912109375, '709dcd55-1195-4f27-871b-0a23601993f7');
INSERT INTO PUBLIC.CREDIT_PAYMENTS (ID, DATE_OF_PAYMENT, PAYMENT_OF_LOAN_BODY_IN_MONTH, PAYMENT_OF_MONTH, PAYMENT_OF_PERCENT_IN_MONTH, CO_CP_ID) VALUES ('86b56ac8-c6d6-4465-bb81-8db6db7c0dbb', '2022-02-15', 503945.0625, 507934.875, 3989.802978515625, 'cad1d0b8-0dc2-4c9d-96c9-5c70439f8d0d');
INSERT INTO PUBLIC.CREDIT_PAYMENTS (ID, DATE_OF_PAYMENT, PAYMENT_OF_LOAN_BODY_IN_MONTH, PAYMENT_OF_MONTH, PAYMENT_OF_PERCENT_IN_MONTH, CO_CP_ID) VALUES ('87f2ecfa-1502-40fc-84b0-298c6db0fab7', '2022-05-15', 8635.3583984375, 11458.6630859375, 2823.304931640625, '90f16ed1-8f96-4ebe-a54a-0d05a20c73ce');
INSERT INTO PUBLIC.CREDIT_PAYMENTS (ID, DATE_OF_PAYMENT, PAYMENT_OF_LOAN_BODY_IN_MONTH, PAYMENT_OF_MONTH, PAYMENT_OF_PERCENT_IN_MONTH, CO_CP_ID) VALUES ('8f0cf0ee-bf59-4092-94af-a403ce97d708', '2022-09-15', 47429.7109375, 48866.875, 1437.1629638671875, 'e295b7b7-49d5-4f3a-ba58-35351a1866d4');
INSERT INTO PUBLIC.CREDIT_PAYMENTS (ID, DATE_OF_PAYMENT, PAYMENT_OF_LOAN_BODY_IN_MONTH, PAYMENT_OF_MONTH, PAYMENT_OF_PERCENT_IN_MONTH, CO_CP_ID) VALUES ('928655aa-806c-44b8-b235-554c2955a458', '2021-12-15', 413043.8125, 423981.3125, 10937.5, 'd65132be-2460-40f7-b831-8494588fc0ee');
INSERT INTO PUBLIC.CREDIT_PAYMENTS (ID, DATE_OF_PAYMENT, PAYMENT_OF_LOAN_BODY_IN_MONTH, PAYMENT_OF_MONTH, PAYMENT_OF_PERCENT_IN_MONTH, CO_CP_ID) VALUES ('9739159c-31e5-4dc2-859f-4cb9c1c8ac5c', '2022-06-15', 209183.296875, 220955.609375, 11772.3076171875, '4ebe944d-f435-4d26-a044-a2284b8bbb4f');
INSERT INTO PUBLIC.CREDIT_PAYMENTS (ID, DATE_OF_PAYMENT, PAYMENT_OF_LOAN_BODY_IN_MONTH, PAYMENT_OF_MONTH, PAYMENT_OF_PERCENT_IN_MONTH, CO_CP_ID) VALUES ('9c12a3fd-fd91-4d0e-abbe-206c547f543c', '2024-01-15', 10364.3291015625, 11458.6630859375, 1094.333984375, '90f16ed1-8f96-4ebe-a54a-0d05a20c73ce');
INSERT INTO PUBLIC.CREDIT_PAYMENTS (ID, DATE_OF_PAYMENT, PAYMENT_OF_LOAN_BODY_IN_MONTH, PAYMENT_OF_MONTH, PAYMENT_OF_PERCENT_IN_MONTH, CO_CP_ID) VALUES ('9c8e13a3-1c0d-4306-98d0-efc01b82441b', '2021-12-15', 115604.2421875, 118812.6953125, 3208.449951171875, '0aeb2646-3804-40ac-b268-4ad0ecf26fb5');
INSERT INTO PUBLIC.CREDIT_PAYMENTS (ID, DATE_OF_PAYMENT, PAYMENT_OF_LOAN_BODY_IN_MONTH, PAYMENT_OF_MONTH, PAYMENT_OF_PERCENT_IN_MONTH, CO_CP_ID) VALUES ('9cc64f8b-1f0b-4460-b248-46b81426190a', '2021-12-15', 293965.09375, 302123.71875, 8158.6298828125, 'a3632533-6d9f-4744-8785-d7090944fa37');
INSERT INTO PUBLIC.CREDIT_PAYMENTS (ID, DATE_OF_PAYMENT, PAYMENT_OF_LOAN_BODY_IN_MONTH, PAYMENT_OF_MONTH, PAYMENT_OF_PERCENT_IN_MONTH, CO_CP_ID) VALUES ('9eac4aca-d606-4a66-be51-d321861e1c50', '2023-01-15', 9289.3359375, 11458.6630859375, 2169.326904296875, '90f16ed1-8f96-4ebe-a54a-0d05a20c73ce');
INSERT INTO PUBLIC.CREDIT_PAYMENTS (ID, DATE_OF_PAYMENT, PAYMENT_OF_LOAN_BODY_IN_MONTH, PAYMENT_OF_MONTH, PAYMENT_OF_PERCENT_IN_MONTH, CO_CP_ID) VALUES ('a33a4b3c-5376-46a9-9b14-bd18d03a3665', '2021-12-15', 221665.109375, 226690.109375, 5025, '72a91922-f307-4f53-86f0-f3b612c1aa33');
INSERT INTO PUBLIC.CREDIT_PAYMENTS (ID, DATE_OF_PAYMENT, PAYMENT_OF_LOAN_BODY_IN_MONTH, PAYMENT_OF_MONTH, PAYMENT_OF_PERCENT_IN_MONTH, CO_CP_ID) VALUES ('ab2f9569-f160-43b2-9931-0dfdfdc411cd', '2022-04-15', 45127.7421875, 48866.875, 3739.131103515625, 'e295b7b7-49d5-4f3a-ba58-35351a1866d4');
INSERT INTO PUBLIC.CREDIT_PAYMENTS (ID, DATE_OF_PAYMENT, PAYMENT_OF_LOAN_BODY_IN_MONTH, PAYMENT_OF_MONTH, PAYMENT_OF_PERCENT_IN_MONTH, CO_CP_ID) VALUES ('adb736e1-4f58-4595-bf0b-37e7909eaa71', '2023-12-15', 10270.181640625, 11458.6630859375, 1188.48095703125, '90f16ed1-8f96-4ebe-a54a-0d05a20c73ce');
INSERT INTO PUBLIC.CREDIT_PAYMENTS (ID, DATE_OF_PAYMENT, PAYMENT_OF_LOAN_BODY_IN_MONTH, PAYMENT_OF_MONTH, PAYMENT_OF_PERCENT_IN_MONTH, CO_CP_ID) VALUES ('adc622dc-cfba-4c74-86fc-a577e29c5280', '2022-01-15', 296659.875, 302123.71875, 5463.85205078125, 'a3632533-6d9f-4744-8785-d7090944fa37');
INSERT INTO PUBLIC.CREDIT_PAYMENTS (ID, DATE_OF_PAYMENT, PAYMENT_OF_LOAN_BODY_IN_MONTH, PAYMENT_OF_MONTH, PAYMENT_OF_PERCENT_IN_MONTH, CO_CP_ID) VALUES ('ae4636b8-13e7-4b10-866b-cc02ce8704ed', '2022-02-15', 44238.546875, 48866.875, 4628.326171875, 'e295b7b7-49d5-4f3a-ba58-35351a1866d4');
INSERT INTO PUBLIC.CREDIT_PAYMENTS (ID, DATE_OF_PAYMENT, PAYMENT_OF_LOAN_BODY_IN_MONTH, PAYMENT_OF_MONTH, PAYMENT_OF_PERCENT_IN_MONTH, CO_CP_ID) VALUES ('b02ccd7a-0326-4ab6-bd53-313e96808a27', '2021-12-15', 8250.212890625, 11458.6630859375, 3208.449951171875, '90f16ed1-8f96-4ebe-a54a-0d05a20c73ce');
INSERT INTO PUBLIC.CREDIT_PAYMENTS (ID, DATE_OF_PAYMENT, PAYMENT_OF_LOAN_BODY_IN_MONTH, PAYMENT_OF_MONTH, PAYMENT_OF_PERCENT_IN_MONTH, CO_CP_ID) VALUES ('b07a2812-3029-4f25-971c-853d56468857', '2024-10-15', 11251.451171875, 11458.6630859375, 207.21200561523438, '90f16ed1-8f96-4ebe-a54a-0d05a20c73ce');
INSERT INTO PUBLIC.CREDIT_PAYMENTS (ID, DATE_OF_PAYMENT, PAYMENT_OF_LOAN_BODY_IN_MONTH, PAYMENT_OF_MONTH, PAYMENT_OF_PERCENT_IN_MONTH, CO_CP_ID) VALUES ('b37d41bc-8aab-414f-80d7-0c8733a473c2', '2022-03-15', 8479.1884765625, 11458.6630859375, 2979.47509765625, '90f16ed1-8f96-4ebe-a54a-0d05a20c73ce');
INSERT INTO PUBLIC.CREDIT_PAYMENTS (ID, DATE_OF_PAYMENT, PAYMENT_OF_LOAN_BODY_IN_MONTH, PAYMENT_OF_MONTH, PAYMENT_OF_PERCENT_IN_MONTH, CO_CP_ID) VALUES ('b3e4b808-9edf-4642-ab3f-623983e255fb', '2022-01-15', 416657.9375, 423981.3125, 7323.3671875, 'd65132be-2460-40f7-b831-8494588fc0ee');
INSERT INTO PUBLIC.CREDIT_PAYMENTS (ID, DATE_OF_PAYMENT, PAYMENT_OF_LOAN_BODY_IN_MONTH, PAYMENT_OF_MONTH, PAYMENT_OF_PERCENT_IN_MONTH, CO_CP_ID) VALUES ('bacd73ce-faae-4502-86e1-5c590eba283c', '2021-12-15', 198038.109375, 220955.609375, 22917.5, '4ebe944d-f435-4d26-a044-a2284b8bbb4f');
INSERT INTO PUBLIC.CREDIT_PAYMENTS (ID, DATE_OF_PAYMENT, PAYMENT_OF_LOAN_BODY_IN_MONTH, PAYMENT_OF_MONTH, PAYMENT_OF_PERCENT_IN_MONTH, CO_CP_ID) VALUES ('bc74ad94-4011-419f-81f9-9aad36c6657a', '2022-11-15', 48383.05078125, 48866.875, 483.82501220703125, 'e295b7b7-49d5-4f3a-ba58-35351a1866d4');
INSERT INTO PUBLIC.CREDIT_PAYMENTS (ID, DATE_OF_PAYMENT, PAYMENT_OF_LOAN_BODY_IN_MONTH, PAYMENT_OF_MONTH, PAYMENT_OF_PERCENT_IN_MONTH, CO_CP_ID) VALUES ('bc761ec7-73e6-498f-a1ae-e1ca7d5ac277', '2023-07-15', 9812.1220703125, 11458.6630859375, 1646.541015625, '90f16ed1-8f96-4ebe-a54a-0d05a20c73ce');
INSERT INTO PUBLIC.CREDIT_PAYMENTS (ID, DATE_OF_PAYMENT, PAYMENT_OF_LOAN_BODY_IN_MONTH, PAYMENT_OF_MONTH, PAYMENT_OF_PERCENT_IN_MONTH, CO_CP_ID) VALUES ('bdc37d14-2778-4083-8aea-5744f368570b', '2022-01-15', 49998.3984375, 51003.36328125, 1004.9660034179688, '265ed691-963a-450e-ac5c-ec8347d88f07');
INSERT INTO PUBLIC.CREDIT_PAYMENTS (ID, DATE_OF_PAYMENT, PAYMENT_OF_LOAN_BODY_IN_MONTH, PAYMENT_OF_MONTH, PAYMENT_OF_PERCENT_IN_MONTH, CO_CP_ID) VALUES ('be5a2d74-3ad2-4621-94f6-9cbdc3cfa988', '2024-04-15', 10651.978515625, 11458.6630859375, 806.6840209960938, '90f16ed1-8f96-4ebe-a54a-0d05a20c73ce');
INSERT INTO PUBLIC.CREDIT_PAYMENTS (ID, DATE_OF_PAYMENT, PAYMENT_OF_LOAN_BODY_IN_MONTH, PAYMENT_OF_MONTH, PAYMENT_OF_PERCENT_IN_MONTH, CO_CP_ID) VALUES ('c093b2ce-e5f7-4a6d-9e44-7263213bf0d6', '2021-12-15', 221665.109375, 226690.109375, 5025, '3cc3db52-84a2-42b2-b0f5-c795c8b88321');
INSERT INTO PUBLIC.CREDIT_PAYMENTS (ID, DATE_OF_PAYMENT, PAYMENT_OF_LOAN_BODY_IN_MONTH, PAYMENT_OF_MONTH, PAYMENT_OF_PERCENT_IN_MONTH, CO_CP_ID) VALUES ('c43a4994-0093-412e-9942-3fc5dd2ae1b3', '2021-12-15', 221665.109375, 226690.109375, 5025, '6bc39ce7-ecfd-4101-860a-eb04be65be2c');
INSERT INTO PUBLIC.CREDIT_PAYMENTS (ID, DATE_OF_PAYMENT, PAYMENT_OF_LOAN_BODY_IN_MONTH, PAYMENT_OF_MONTH, PAYMENT_OF_PERCENT_IN_MONTH, CO_CP_ID) VALUES ('c8ea3941-5dbe-4341-8fee-d5bfbb785d18', '2022-01-15', 499986.6875, 507934.875, 7948.1982421875, '5bec350c-a42b-4a07-bb34-a6e0b38dd000');
INSERT INTO PUBLIC.CREDIT_PAYMENTS (ID, DATE_OF_PAYMENT, PAYMENT_OF_LOAN_BODY_IN_MONTH, PAYMENT_OF_MONTH, PAYMENT_OF_PERCENT_IN_MONTH, CO_CP_ID) VALUES ('c996264a-e426-47b6-9737-21528aeb4090', '2022-01-15', 499986.6875, 507934.875, 7948.1982421875, 'cad1d0b8-0dc2-4c9d-96c9-5c70439f8d0d');
INSERT INTO PUBLIC.CREDIT_PAYMENTS (ID, DATE_OF_PAYMENT, PAYMENT_OF_LOAN_BODY_IN_MONTH, PAYMENT_OF_MONTH, PAYMENT_OF_PERCENT_IN_MONTH, CO_CP_ID) VALUES ('ca713f68-e3c7-4398-bb26-4a64c173191f', '2022-02-15', 50498.3828125, 51003.36328125, 504.98199462890625, '131f910b-6d1e-4dfe-a583-fbed947050d4');
INSERT INTO PUBLIC.CREDIT_PAYMENTS (ID, DATE_OF_PAYMENT, PAYMENT_OF_LOAN_BODY_IN_MONTH, PAYMENT_OF_MONTH, PAYMENT_OF_PERCENT_IN_MONTH, CO_CP_ID) VALUES ('cb905b40-7e52-41e3-9557-bf90c414d55a', '2023-11-15', 10176.890625, 11458.6630859375, 1281.77197265625, '90f16ed1-8f96-4ebe-a54a-0d05a20c73ce');
INSERT INTO PUBLIC.CREDIT_PAYMENTS (ID, DATE_OF_PAYMENT, PAYMENT_OF_LOAN_BODY_IN_MONTH, PAYMENT_OF_MONTH, PAYMENT_OF_PERCENT_IN_MONTH, CO_CP_ID) VALUES ('ced518c6-c606-495e-b740-560e88a59b28', '2021-12-15', 496059.375, 507934.875, 11875.5, '5bec350c-a42b-4a07-bb34-a6e0b38dd000');
INSERT INTO PUBLIC.CREDIT_PAYMENTS (ID, DATE_OF_PAYMENT, PAYMENT_OF_LOAN_BODY_IN_MONTH, PAYMENT_OF_MONTH, PAYMENT_OF_PERCENT_IN_MONTH, CO_CP_ID) VALUES ('d0833fbc-132e-4e0a-b199-6465ee842bea', '2022-02-15', 201685.578125, 220955.609375, 19270.02734375, '4ebe944d-f435-4d26-a044-a2284b8bbb4f');
INSERT INTO PUBLIC.CREDIT_PAYMENTS (ID, DATE_OF_PAYMENT, PAYMENT_OF_LOAN_BODY_IN_MONTH, PAYMENT_OF_MONTH, PAYMENT_OF_PERCENT_IN_MONTH, CO_CP_ID) VALUES ('d0afecb3-4936-4bf2-b8be-f8c3d7703c0d', '2022-10-15', 9038.4833984375, 11458.6630859375, 2420.179931640625, '90f16ed1-8f96-4ebe-a54a-0d05a20c73ce');
INSERT INTO PUBLIC.CREDIT_PAYMENTS (ID, DATE_OF_PAYMENT, PAYMENT_OF_LOAN_BODY_IN_MONTH, PAYMENT_OF_MONTH, PAYMENT_OF_PERCENT_IN_MONTH, CO_CP_ID) VALUES ('d0cb393b-2270-44e1-b6f5-4a61a04632af', '2022-01-15', 43800.54296875, 48866.875, 5066.3310546875, 'e295b7b7-49d5-4f3a-ba58-35351a1866d4');
INSERT INTO PUBLIC.CREDIT_PAYMENTS (ID, DATE_OF_PAYMENT, PAYMENT_OF_LOAN_BODY_IN_MONTH, PAYMENT_OF_MONTH, PAYMENT_OF_PERCENT_IN_MONTH, CO_CP_ID) VALUES ('d26b9efa-9fa0-44c4-9f15-8547c3667c56', '2022-02-15', 840953.1875, 848662.125, 7708.9072265625, '74c30e21-91ae-4d00-aa9f-dbd0bbb74cfb');
INSERT INTO PUBLIC.CREDIT_PAYMENTS (ID, DATE_OF_PAYMENT, PAYMENT_OF_LOAN_BODY_IN_MONTH, PAYMENT_OF_MONTH, PAYMENT_OF_PERCENT_IN_MONTH, CO_CP_ID) VALUES ('d30e21ba-4b0c-406a-9129-a2a687de5385', '2022-01-15', 116663.9921875, 118812.6953125, 2148.7060546875, '0aeb2646-3804-40ac-b268-4ad0ecf26fb5');
INSERT INTO PUBLIC.CREDIT_PAYMENTS (ID, DATE_OF_PAYMENT, PAYMENT_OF_LOAN_BODY_IN_MONTH, PAYMENT_OF_MONTH, PAYMENT_OF_PERCENT_IN_MONTH, CO_CP_ID) VALUES ('d47dce0a-a9bd-4176-9a6c-98aecdb97517', '2022-02-15', 840953.1875, 848662.125, 7708.9072265625, '9e32a36b-8388-41f2-84da-b937711672bd');
INSERT INTO PUBLIC.CREDIT_PAYMENTS (ID, DATE_OF_PAYMENT, PAYMENT_OF_LOAN_BODY_IN_MONTH, PAYMENT_OF_MONTH, PAYMENT_OF_PERCENT_IN_MONTH, CO_CP_ID) VALUES ('d481225e-e089-429e-829c-66a8b7ec5273', '2022-03-15', 44680.93359375, 48866.875, 4185.93994140625, 'e295b7b7-49d5-4f3a-ba58-35351a1866d4');
INSERT INTO PUBLIC.CREDIT_PAYMENTS (ID, DATE_OF_PAYMENT, PAYMENT_OF_LOAN_BODY_IN_MONTH, PAYMENT_OF_MONTH, PAYMENT_OF_PERCENT_IN_MONTH, CO_CP_ID) VALUES ('d4e164eb-582a-4020-a514-0c7e15afbbd8', '2022-02-15', 8402.166015625, 11458.6630859375, 3056.4970703125, '90f16ed1-8f96-4ebe-a54a-0d05a20c73ce');
INSERT INTO PUBLIC.CREDIT_PAYMENTS (ID, DATE_OF_PAYMENT, PAYMENT_OF_LOAN_BODY_IN_MONTH, PAYMENT_OF_MONTH, PAYMENT_OF_PERCENT_IN_MONTH, CO_CP_ID) VALUES ('d6860aed-81a1-4e9f-8099-7127a8d3592a', '2021-12-15', 496059.375, 507934.875, 11875.5, 'cad1d0b8-0dc2-4c9d-96c9-5c70439f8d0d');
INSERT INTO PUBLIC.CREDIT_PAYMENTS (ID, DATE_OF_PAYMENT, PAYMENT_OF_LOAN_BODY_IN_MONTH, PAYMENT_OF_MONTH, PAYMENT_OF_PERCENT_IN_MONTH, CO_CP_ID) VALUES ('d69b754c-9800-4385-bcd6-7445223ef142', '2022-01-15', 249991.984375, 255016.8125, 5024.83203125, 'b6b30cf6-cf36-4b62-a538-05ff9f0a41d2');
INSERT INTO PUBLIC.CREDIT_PAYMENTS (ID, DATE_OF_PAYMENT, PAYMENT_OF_LOAN_BODY_IN_MONTH, PAYMENT_OF_MONTH, PAYMENT_OF_PERCENT_IN_MONTH, CO_CP_ID) VALUES ('d7f0d0b1-5e1a-4bd9-b7be-b57ae6732b3f', '2022-07-15', 46495.16015625, 48866.875, 2371.715087890625, 'e295b7b7-49d5-4f3a-ba58-35351a1866d4');
INSERT INTO PUBLIC.CREDIT_PAYMENTS (ID, DATE_OF_PAYMENT, PAYMENT_OF_LOAN_BODY_IN_MONTH, PAYMENT_OF_MONTH, PAYMENT_OF_PERCENT_IN_MONTH, CO_CP_ID) VALUES ('d8a7df29-427d-4969-8f4d-eaa46aa994c0', '2021-12-15', 825744.625, 848662.125, 22917.5, '27ec926f-a55c-4d2b-8b1b-deeb5ff55e5b');
INSERT INTO PUBLIC.CREDIT_PAYMENTS (ID, DATE_OF_PAYMENT, PAYMENT_OF_LOAN_BODY_IN_MONTH, PAYMENT_OF_MONTH, PAYMENT_OF_PERCENT_IN_MONTH, CO_CP_ID) VALUES ('d8aafb7d-4123-4aef-ab81-204c81f55c7d', '2021-12-15', 825744.625, 848662.125, 22917.5, '74c30e21-91ae-4d00-aa9f-dbd0bbb74cfb');
INSERT INTO PUBLIC.CREDIT_PAYMENTS (ID, DATE_OF_PAYMENT, PAYMENT_OF_LOAN_BODY_IN_MONTH, PAYMENT_OF_MONTH, PAYMENT_OF_PERCENT_IN_MONTH, CO_CP_ID) VALUES ('d99973fc-605e-4c4f-ba05-cf288785f340', '2023-03-15', 9460.427734375, 11458.6630859375, 1998.2349853515625, '90f16ed1-8f96-4ebe-a54a-0d05a20c73ce');
INSERT INTO PUBLIC.CREDIT_PAYMENTS (ID, DATE_OF_PAYMENT, PAYMENT_OF_LOAN_BODY_IN_MONTH, PAYMENT_OF_MONTH, PAYMENT_OF_PERCENT_IN_MONTH, CO_CP_ID) VALUES ('dee0ca55-794f-4a7b-9790-a3c7ef20e932', '2022-02-15', 225002.546875, 226690.109375, 1687.5550537109375, '6bc39ce7-ecfd-4101-860a-eb04be65be2c');
INSERT INTO PUBLIC.CREDIT_PAYMENTS (ID, DATE_OF_PAYMENT, PAYMENT_OF_LOAN_BODY_IN_MONTH, PAYMENT_OF_MONTH, PAYMENT_OF_PERCENT_IN_MONTH, CO_CP_ID) VALUES ('dfae5d1d-ece8-449d-aa54-5b3cb901f799', '2022-04-15', 8556.9169921875, 11458.6630859375, 2901.74609375, '90f16ed1-8f96-4ebe-a54a-0d05a20c73ce');
INSERT INTO PUBLIC.CREDIT_PAYMENTS (ID, DATE_OF_PAYMENT, PAYMENT_OF_LOAN_BODY_IN_MONTH, PAYMENT_OF_MONTH, PAYMENT_OF_PERCENT_IN_MONTH, CO_CP_ID) VALUES ('e0a34b9a-62fe-48f0-bb4a-8ef65d23931f', '2022-02-15', 840953.1875, 848662.125, 7708.9072265625, '27ec926f-a55c-4d2b-8b1b-deeb5ff55e5b');
INSERT INTO PUBLIC.CREDIT_PAYMENTS (ID, DATE_OF_PAYMENT, PAYMENT_OF_LOAN_BODY_IN_MONTH, PAYMENT_OF_MONTH, PAYMENT_OF_PERCENT_IN_MONTH, CO_CP_ID) VALUES ('e4f4e67c-696f-4225-8ef7-76df5e028f4d', '2021-12-15', 49503.36328125, 51003.36328125, 1500, '265ed691-963a-450e-ac5c-ec8347d88f07');
INSERT INTO PUBLIC.CREDIT_PAYMENTS (ID, DATE_OF_PAYMENT, PAYMENT_OF_LOAN_BODY_IN_MONTH, PAYMENT_OF_MONTH, PAYMENT_OF_PERCENT_IN_MONTH, CO_CP_ID) VALUES ('e54956f8-c90a-4b70-be64-2c5884866b75', '2022-01-15', 49998.3984375, 51003.36328125, 1004.9660034179688, '131f910b-6d1e-4dfe-a583-fbed947050d4');
INSERT INTO PUBLIC.CREDIT_PAYMENTS (ID, DATE_OF_PAYMENT, PAYMENT_OF_LOAN_BODY_IN_MONTH, PAYMENT_OF_MONTH, PAYMENT_OF_PERCENT_IN_MONTH, CO_CP_ID) VALUES ('e807ae85-230e-4d89-b722-f132d3e8add8', '2022-02-15', 252491.90625, 255016.8125, 2524.912109375, 'b6b30cf6-cf36-4b62-a538-05ff9f0a41d2');
INSERT INTO PUBLIC.CREDIT_PAYMENTS (ID, DATE_OF_PAYMENT, PAYMENT_OF_LOAN_BODY_IN_MONTH, PAYMENT_OF_MONTH, PAYMENT_OF_PERCENT_IN_MONTH, CO_CP_ID) VALUES ('e8881759-0ebd-4d38-a77a-83135dd7d516', '2022-10-15', 216959.75, 220955.609375, 3995.85791015625, '4ebe944d-f435-4d26-a044-a2284b8bbb4f');
INSERT INTO PUBLIC.CREDIT_PAYMENTS (ID, DATE_OF_PAYMENT, PAYMENT_OF_LOAN_BODY_IN_MONTH, PAYMENT_OF_MONTH, PAYMENT_OF_PERCENT_IN_MONTH, CO_CP_ID) VALUES ('eb68db7f-c68b-4227-aee4-4c660b2109b1', '2022-11-15', 218948.625, 220955.609375, 2006.989013671875, '4ebe944d-f435-4d26-a044-a2284b8bbb4f');
INSERT INTO PUBLIC.CREDIT_PAYMENTS (ID, DATE_OF_PAYMENT, PAYMENT_OF_LOAN_BODY_IN_MONTH, PAYMENT_OF_MONTH, PAYMENT_OF_PERCENT_IN_MONTH, CO_CP_ID) VALUES ('ebda4881-af91-4761-8eee-8752b833e285', '2023-02-15', 9374.4921875, 11458.6630859375, 2084.1708984375, '90f16ed1-8f96-4ebe-a54a-0d05a20c73ce');
INSERT INTO PUBLIC.CREDIT_PAYMENTS (ID, DATE_OF_PAYMENT, PAYMENT_OF_LOAN_BODY_IN_MONTH, PAYMENT_OF_MONTH, PAYMENT_OF_PERCENT_IN_MONTH, CO_CP_ID) VALUES ('ec92a86f-3fab-4ecc-849c-8f113756672a', '2022-01-15', 296659.875, 302123.71875, 5463.85205078125, '56109868-abcd-4553-b4d8-19a0c7a092cf');
INSERT INTO PUBLIC.CREDIT_PAYMENTS (ID, DATE_OF_PAYMENT, PAYMENT_OF_LOAN_BODY_IN_MONTH, PAYMENT_OF_MONTH, PAYMENT_OF_PERCENT_IN_MONTH, CO_CP_ID) VALUES ('ecb82322-d6a4-44be-9667-06bfc63ae5f5', '2022-01-15', 833314.25, 848662.125, 15347.8984375, '27ec926f-a55c-4d2b-8b1b-deeb5ff55e5b');
INSERT INTO PUBLIC.CREDIT_PAYMENTS (ID, DATE_OF_PAYMENT, PAYMENT_OF_LOAN_BODY_IN_MONTH, PAYMENT_OF_MONTH, PAYMENT_OF_PERCENT_IN_MONTH, CO_CP_ID) VALUES ('f1fa2e6e-615b-4aa2-9ca0-b147954e98b1', '2022-08-15', 46960.109375, 48866.875, 1906.7640380859375, 'e295b7b7-49d5-4f3a-ba58-35351a1866d4');
INSERT INTO PUBLIC.CREDIT_PAYMENTS (ID, DATE_OF_PAYMENT, PAYMENT_OF_LOAN_BODY_IN_MONTH, PAYMENT_OF_MONTH, PAYMENT_OF_PERCENT_IN_MONTH, CO_CP_ID) VALUES ('f26bc674-3f6e-4cdc-ae60-31bd17faa103', '2022-08-15', 8875.0234375, 11458.6630859375, 2583.639892578125, '90f16ed1-8f96-4ebe-a54a-0d05a20c73ce');
INSERT INTO PUBLIC.CREDIT_PAYMENTS (ID, DATE_OF_PAYMENT, PAYMENT_OF_LOAN_BODY_IN_MONTH, PAYMENT_OF_MONTH, PAYMENT_OF_PERCENT_IN_MONTH, CO_CP_ID) VALUES ('f28fcfff-54b6-4ec1-b01b-cbb418e6f35e', '2023-06-15', 9722.9912109375, 11458.6630859375, 1735.6719970703125, '90f16ed1-8f96-4ebe-a54a-0d05a20c73ce');
INSERT INTO PUBLIC.CREDIT_PAYMENTS (ID, DATE_OF_PAYMENT, PAYMENT_OF_LOAN_BODY_IN_MONTH, PAYMENT_OF_MONTH, PAYMENT_OF_PERCENT_IN_MONTH, CO_CP_ID) VALUES ('f5ac3ab8-e00b-4b37-8c54-ced32d9ffb6b', '2023-10-15', 10084.4462890625, 11458.6630859375, 1374.217041015625, '90f16ed1-8f96-4ebe-a54a-0d05a20c73ce');
INSERT INTO PUBLIC.CREDIT_PAYMENTS (ID, DATE_OF_PAYMENT, PAYMENT_OF_LOAN_BODY_IN_MONTH, PAYMENT_OF_MONTH, PAYMENT_OF_PERCENT_IN_MONTH, CO_CP_ID) VALUES ('fdafe891-332b-49ad-85e2-2bb930a932ec', '2022-02-15', 261368.265625, 263764.1875, 2395.927978515625, '28eefc55-bfc1-449d-beb8-1b4b7a78e865');
INSERT INTO PUBLIC.CREDIT_PAYMENTS (ID, DATE_OF_PAYMENT, PAYMENT_OF_LOAN_BODY_IN_MONTH, PAYMENT_OF_MONTH, PAYMENT_OF_PERCENT_IN_MONTH, CO_CP_ID) VALUES ('ffe45a54-8f2a-49a9-afaf-e054e7acf32e', '2022-07-15', 8794.4052734375, 11458.6630859375, 2664.258056640625, '90f16ed1-8f96-4ebe-a54a-0d05a20c73ce');